machine_id,temperature_c,vibration_mm_s,pressure_bar,load_pct,age_years,days_since_maintenance,failure_7d
M-0001,53.35,2.885,1.999,79.3,9.33,117,0
M-0002,48.12,1.92,2.304,49.0,5.38,144,0
M-0003,50.7,2.568,2.687,46.6,10.33,110,0
M-0004,52.34,2.374,2.185,70.3,8.43,80,0
M-0005,53.22,2.461,2.565,79.8,1.31,75,0
M-0006,49.91,2.808,2.4,62.7,11.71,119,0
M-0007,51.34,2.034,2.427,38.8,9.18,75,0
M-0008,45.75,1.948,2.549,37.5,9.48,173,0
M-0009,49.04,2.111,2.791,36.3,1.71,34,0
M-0010,44.04,1.378,2.994,30.2,5.51,139,0
M-0011,53.81,2.228,2.438,64.0,4.58,87,0
M-0012,57.97,2.756,2.013,82.3,11.14,91,0
M-0013,52.02,2.846,2.282,61.8,7.8,117,0
M-0014,42.63,2.025,2.738,21.3,9.91,94,0
M-0015,50.64,1.922,2.62,58.6,5.43,42,0
M-0016,50.12,2.073,2.47,59.1,2.88,37,0
M-0017,57.94,3.023,1.821,99.7,6.74,79,0
M-0018,42.97,1.221,2.707,35.8,0.95,46,0
M-0019,49.99,2.599,2.253,55.0,9.97,155,0
M-0020,64.82,3.002,1.722,92.7,7.65,72,1
M-0021,54.3,2.658,2.06,70.1,9.15,76,0
M-0022,56.86,2.266,2.514,72.1,4.38,53,0
M-0023,53.83,2.798,2.157,64.1,11.65,80,0
M-0024,55.45,2.743,2.279,67.9,10.74,77,0
M-0025,52.51,2.738,1.707,76.0,9.38,60,0
M-0026,45.4,1.511,2.709,47.4,2.5,80,0
M-0027,55.23,2.953,2.148,77.8,5.71,80,0
M-0028,47.65,1.081,2.708,37.3,0.72,58,0
M-0029,51.43,2.144,2.414,67.9,2.02,25,0
M-0030,56.66,2.354,2.182,65.2,8.26,114,0
M-0031,51.91,2.733,2.075,50.9,8.99,123,0
M-0032,58.01,2.377,2.368,61.6,11.62,203,0
M-0033,47.84,1.662,2.578,50.8,4.04,100,0
M-0034,52.67,1.49,2.573,42.7,4.57,194,0
M-0035,48.56,2.173,2.284,55.6,5.74,61,0
M-0036,43.37,1.207,2.448,42.1,2.44,171,0
M-0037,47.55,1.867,2.429,67.8,1.73,92,0
M-0038,52.76,1.227,2.867,41.3,5.81,102,0
M-0039,54.88,2.28,2.313,74.8,2.88,66,0
M-0040,46.74,1.851,2.337,40.7,8.1,79,0
M-0041,52.06,1.568,2.53,51.8,5.36,62,0
M-0042,52.47,2.62,2.382,50.8,10.03,205,0
M-0043,62.81,2.464,2.146,85.9,8.46,87,0
M-0044,47.67,2.388,2.435,67.9,3.89,102,0
M-0045,51.62,2.253,1.823,58.2,10.02,139,0
M-0046,53.78,3.103,2.243,71.0,9.7,137,0
M-0047,37.31,1.651,2.681,24.1,4.77,90,0
M-0048,52.85,1.74,2.198,61.2,3.6,174,0
M-0049,59.56,2.775,1.838,98.0,8.25,115,0
M-0050,51.92,2.117,2.497,64.4,1.85,47,0
M-0051,56.2,1.906,2.165,63.2,2.56,59,0
M-0052,50.02,1.918,2.493,71.9,0.29,19,0
M-0053,55.36,3.124,2.198,78.1,9.49,114,0
M-0054,44.66,1.513,2.744,26.0,8.05,123,0
M-0055,48.38,1.886,2.518,31.7,8.52,130,0
M-0056,52.23,2.807,2.069,65.8,9.41,123,0
M-0057,46.7,2.182,2.684,49.1,5.62,77,0
M-0058,59.69,2.665,1.808,85.6,6.91,90,0
M-0059,49.21,1.722,2.698,56.3,1.85,69,0
M-0060,36.36,0.769,2.859,27.2,1.55,121,0
M-0061,44.07,1.666,2.562,39.2,8.09,44,0
M-0062,44.79,1.441,2.653,15.0,5.76,68,0
M-0063,51.85,2.167,2.361,57.8,6.87,56,0
M-0064,50.06,2.418,2.414,58.6,9.23,237,0
M-0065,49.98,2.496,2.192,54.4,7.69,160,0
M-0066,55.98,2.288,2.184,81.4,6.73,73,0
M-0067,58.36,2.598,2.091,83.6,6.8,48,0
M-0068,46.14,2.048,2.345,58.9,3.79,41,0
M-0069,38.25,0.919,3.09,23.6,0.56,117,0
M-0070,54.2,2.768,1.886,73.1,5.35,39,0
M-0071,51.81,2.405,2.373,72.0,2.73,74,0
M-0072,53.61,2.324,2.573,67.6,5.02,123,0
M-0073,53.95,3.357,2.268,79.7,10.27,65,0
M-0074,46.29,1.191,2.746,41.0,2.96,74,0
M-0075,59.83,2.481,2.002,98.2,0.89,50,0
M-0076,47.69,1.822,2.523,44.7,3.52,56,0
M-0077,53.62,2.028,2.204,75.5,3.66,52,0
M-0078,45.31,1.904,2.757,31.6,8.01,140,1
M-0079,45.83,1.663,2.408,45.3,6.77,174,0
M-0080,58.71,3.159,2.063,89.3,9.45,90,0
M-0081,54.5,2.581,2.703,57.3,8.04,111,0
M-0082,53.9,2.489,2.19,77.1,5.0,83,0
M-0083,51.68,2.059,1.995,66.3,9.81,53,0
M-0084,47.92,1.624,2.259,60.1,2.17,59,0
M-0085,54.77,2.401,2.324,86.5,0.47,13,0
M-0086,47.3,1.79,2.516,57.7,1.26,49,0
M-0087,46.78,1.089,2.813,29.9,8.72,96,0
M-0088,49.36,2.278,2.453,47.5,5.65,120,0
M-0089,54.08,2.141,2.467,71.9,2.1,83,0
M-0090,56.66,2.123,2.242,69.1,6.11,134,0
M-0091,45.92,1.687,2.677,33.8,2.0,41,0
M-0092,47.13,1.973,2.388,49.0,8.42,169,0
M-0093,46.45,1.795,2.304,51.5,5.46,169,0
M-0094,49.11,2.1,2.786,55.4,4.7,29,0
M-0095,43.71,2.101,2.694,37.2,3.76,31,0
M-0096,46.63,2.59,2.554,50.7,7.64,91,0
M-0097,46.62,1.966,2.466,48.9,4.47,59,0
M-0098,51.02,2.238,2.14,75.9,1.23,51,0
M-0099,50.81,2.369,2.254,76.6,1.59,80,0
M-0100,52.44,2.233,2.425,59.4,11.55,159,0
M-0101,55.07,2.638,2.234,54.9,10.92,75,0
M-0102,53.52,2.24,2.125,64.5,8.46,158,1
M-0103,53.33,1.841,2.624,47.3,3.34,50,0
M-0104,49.78,2.203,2.543,41.4,11.64,260,0
M-0105,48.39,2.306,2.737,45.1,9.39,174,0
M-0106,50.03,2.243,2.483,50.6,8.66,74,0
M-0107,47.18,0.941,2.723,41.1,5.5,43,0
M-0108,51.95,2.125,2.501,64.9,3.41,52,0
M-0109,57.53,2.283,2.13,75.1,1.34,40,0
M-0110,45.04,2.19,2.423,33.4,10.85,133,0
M-0111,53.48,2.164,2.188,62.5,5.58,33,0
M-0112,49.47,2.349,2.276,58.0,2.59,27,0
M-0113,47.62,2.25,2.464,68.1,3.81,104,0
M-0114,53.76,2.412,2.379,61.8,7.03,62,0
M-0115,47.21,1.759,2.776,35.8,2.29,53,0
M-0116,46.05,2.232,2.106,39.3,10.31,144,0
M-0117,52.85,2.21,2.6,62.5,9.15,152,0
M-0118,52.14,2.068,1.923,80.5,8.69,167,0
M-0119,38.98,1.312,3.18,22.1,5.3,118,0
M-0120,56.15,2.661,2.009,68.2,7.6,84,0
M-0121,55.33,2.584,1.942,83.4,7.09,79,0
M-0122,48.69,2.531,1.99,59.2,7.87,78,0
M-0123,51.95,2.076,2.415,71.9,1.2,29,0
M-0124,46.8,2.282,2.354,49.3,5.11,51,0
M-0125,47.25,1.696,2.343,59.9,0.69,124,0
M-0126,46.86,1.824,2.486,32.8,6.03,61,0
M-0127,38.18,1.455,3.034,19.8,4.09,40,1
M-0128,50.88,2.635,2.369,79.0,1.91,135,0
M-0129,45.78,1.076,2.973,44.3,1.42,77,0
M-0130,52.57,2.025,2.316,53.8,7.13,196,0
M-0131,47.36,1.72,2.785,37.0,2.21,165,0
M-0132,46.33,2.576,2.326,36.6,11.12,70,0
M-0133,53.56,2.306,2.314,58.9,7.06,86,0
M-0134,45.64,1.77,2.473,48.9,4.29,46,0
M-0135,58.11,2.638,2.319,68.8,7.17,57,0
M-0136,47.7,2.191,2.559,70.1,0.47,47,0
M-0137,58.54,2.633,2.307,67.8,11.51,138,0
M-0138,50.53,2.378,2.172,66.3,5.89,116,0
M-0139,64.37,3.315,2.089,90.4,9.44,123,0
M-0140,46.48,2.038,2.7,42.8,1.18,58,0
M-0141,48.45,2.402,2.317,61.0,5.94,119,1
M-0142,54.46,2.595,1.998,82.4,5.99,48,0
M-0143,60.75,3.006,1.862,84.8,11.27,117,1
M-0144,48.87,1.982,2.918,36.4,6.95,90,0
M-0145,49.82,2.066,2.478,56.4,5.79,74,0
M-0146,55.64,2.51,2.157,86.4,3.35,87,0
M-0147,54.47,1.943,2.251,71.1,4.11,26,0
M-0148,52.61,2.668,2.697,65.5,6.34,54,0
M-0149,46.84,1.78,2.627,58.1,5.38,108,0
M-0150,45.21,1.555,2.462,55.1,0.46,63,0
M-0151,54.87,2.633,2.151,67.2,9.95,58,0
M-0152,55.65,3.05,2.257,57.5,10.77,103,0
M-0153,53.51,1.773,2.492,61.2,1.85,49,0
M-0154,54.01,2.11,2.208,63.4,6.74,150,0
M-0155,47.37,1.503,2.686,49.8,1.48,31,0
M-0156,56.35,3.013,2.42,71.6,8.13,58,0
M-0157,56.85,1.926,1.752,100.0,3.52,94,0
M-0158,44.8,1.508,2.51,30.0,7.98,87,0
M-0159,51.73,3.294,2.139,67.8,8.78,88,0
M-0160,46.55,2.38,2.369,48.3,9.27,254,0
M-0161,52.46,1.754,2.664,72.4,1.47,100,0
M-0162,54.26,2.595,2.381,62.8,11.01,92,0
M-0163,54.76,2.25,2.42,75.7,2.92,28,0
M-0164,55.0,2.432,2.194,83.2,0.64,49,0
M-0165,53.07,2.849,2.25,65.5,6.75,50,1
M-0166,56.63,2.585,1.915,82.4,4.58,49,0
M-0167,43.74,1.605,2.888,19.8,9.99,71,0
M-0168,60.39,3.232,1.998,90.6,9.74,156,1
M-0169,50.01,1.988,2.532,68.8,3.94,35,0
M-0170,59.02,2.684,1.953,81.4,11.44,156,0
M-0171,47.18,1.15,2.656,40.0,3.63,97,0
M-0172,46.43,1.529,2.556,47.0,6.28,107,0
M-0173,50.8,1.804,2.537,64.6,3.22,43,0
M-0174,52.01,2.274,1.993,61.7,11.25,146,1
M-0175,49.36,2.106,2.509,67.1,2.14,36,0
M-0176,50.34,1.836,2.25,81.5,0.73,151,0
M-0177,47.34,0.714,2.585,30.2,5.33,140,0
M-0178,60.63,2.682,1.664,79.5,11.91,212,0
M-0179,54.89,2.441,2.214,62.1,10.72,105,0
M-0180,57.03,2.208,2.556,58.3,9.03,91,0
M-0181,47.14,2.518,2.824,35.5,10.71,88,0
M-0182,63.35,2.563,2.186,71.1,10.74,257,0
M-0183,41.33,1.705,3.183,18.5,6.32,116,0
M-0184,53.64,2.265,2.261,73.7,3.93,39,0
M-0185,45.89,1.969,2.748,35.1,9.31,175,0
M-0186,53.42,2.15,2.222,63.0,8.01,85,1
M-0187,52.41,2.057,2.334,59.9,4.61,24,0
M-0188,53.57,2.029,2.112,83.1,1.31,40,0
M-0189,56.61,2.432,1.99,58.8,9.01,155,0
M-0190,48.0,1.722,2.779,49.5,3.3,96,0
M-0191,52.4,2.181,2.231,52.9,11.25,138,0
M-0192,52.69,2.684,2.027,84.9,3.04,149,0
M-0193,52.59,2.183,2.16,71.7,1.65,20,0
M-0194,51.27,2.266,2.306,55.1,10.01,75,0
M-0195,47.03,1.881,2.789,57.7,2.01,72,0
M-0196,41.46,1.408,3.122,33.8,2.32,130,0
M-0197,60.4,2.194,1.975,69.0,7.27,56,0
M-0198,45.72,2.005,2.566,30.3,10.52,90,0
M-0199,48.96,2.025,2.115,75.5,2.52,71,0
M-0200,49.07,1.833,2.54,64.3,3.86,49,0
M-0201,61.08,2.699,1.862,100.0,9.37,98,0
M-0202,50.96,2.184,2.35,42.2,11.67,101,0
M-0203,52.42,2.35,2.387,60.2,6.11,65,0
M-0204,58.37,2.296,1.994,94.4,1.9,108,0
M-0205,51.85,2.885,2.498,83.4,0.36,91,0
M-0206,48.08,2.007,2.671,49.5,2.91,115,0
M-0207,48.04,2.335,2.521,66.0,1.76,116,0
M-0208,50.73,2.604,1.874,62.0,8.2,192,0
M-0209,48.11,2.499,2.393,67.1,1.64,24,0
M-0210,45.56,1.782,2.836,49.4,6.17,44,0
M-0211,54.83,1.649,2.528,60.4,8.39,129,0
M-0212,47.28,1.653,2.379,33.2,7.06,72,0
M-0213,52.87,2.158,2.363,64.4,2.56,50,0
M-0214,54.88,2.681,1.974,70.1,9.69,74,0
M-0215,53.65,2.418,2.613,57.9,8.64,140,0
M-0216,41.68,2.282,2.671,32.9,8.92,242,0
M-0217,55.58,2.324,2.126,79.8,1.75,116,0
M-0218,51.29,2.232,2.391,68.6,1.66,49,0
M-0219,52.41,2.104,1.967,48.9,11.15,147,0
M-0220,50.72,1.735,2.271,56.9,4.89,38,0
M-0221,41.82,2.013,2.742,35.0,3.75,67,0
M-0222,43.37,1.909,2.714,43.5,5.97,37,0
M-0223,48.27,2.019,2.111,52.3,8.02,76,0
M-0224,60.14,2.851,1.893,84.1,11.48,114,0
M-0225,49.51,1.646,2.716,50.5,3.58,244,0
M-0226,52.62,2.608,1.858,73.5,11.11,172,0
M-0227,44.18,1.269,2.647,52.3,0.49,16,0
M-0228,50.78,1.933,2.294,66.5,6.75,42,0
M-0229,50.61,2.242,2.619,59.5,7.68,65,0
M-0230,49.21,1.992,2.244,77.7,1.45,183,0
M-0231,43.66,2.042,2.548,52.4,1.86,22,0
M-0232,42.59,1.724,2.854,33.7,5.15,56,0
M-0233,48.61,2.263,2.302,37.1,11.6,82,0
M-0234,46.72,1.928,2.405,52.4,7.23,109,0
M-0235,48.44,2.168,2.423,39.5,11.21,149,0
M-0236,57.38,2.727,2.153,69.4,9.69,129,0
M-0237,45.98,2.244,2.599,53.6,5.72,95,0
M-0238,60.72,3.133,1.902,100.0,9.46,56,0
M-0239,44.61,1.536,2.751,30.7,0.41,66,0
M-0240,49.03,1.946,2.447,65.7,1.49,145,0
M-0241,47.18,2.372,2.738,41.7,9.99,209,0
M-0242,54.03,2.189,2.239,53.1,9.6,117,0
M-0243,49.73,1.525,2.425,64.5,2.95,26,0
M-0244,45.21,1.572,2.816,20.1,6.46,105,0
M-0245,54.0,2.597,2.261,66.3,7.35,84,0
M-0246,59.98,3.327,1.573,96.3,10.44,58,0
M-0247,51.38,2.286,2.647,53.8,7.32,55,0
M-0248,52.78,2.133,2.199,66.7,5.07,50,0
M-0249,57.43,2.218,2.333,80.4,4.62,114,0
M-0250,48.92,2.259,2.311,59.0,5.23,186,0
M-0251,50.0,2.289,2.334,51.5,7.89,118,0
M-0252,44.16,1.654,2.931,21.0,10.44,139,0
M-0253,55.51,2.701,2.388,73.5,5.56,79,0
M-0254,46.93,1.716,2.486,60.0,3.12,52,0
M-0255,48.62,1.499,2.772,43.8,2.99,100,0
M-0256,54.41,2.94,2.207,64.3,9.0,109,0
M-0257,47.33,2.558,2.385,51.5,9.84,71,0
M-0258,50.34,1.603,2.478,52.5,1.44,75,0
M-0259,57.29,2.117,2.495,72.9,0.99,64,0
M-0260,49.19,1.917,2.504,37.9,7.21,77,0
M-0261,57.36,1.481,2.469,80.9,1.92,46,0
M-0262,47.8,1.804,2.509,36.8,9.93,118,0
M-0263,43.43,1.827,2.556,50.1,3.86,56,0
M-0264,52.31,2.432,2.165,96.6,1.9,214,0
M-0265,58.75,3.031,1.99,82.3,11.07,128,0
M-0266,48.46,2.275,2.383,63.8,2.15,88,0
M-0267,44.14,1.638,2.615,45.1,3.56,67,0
M-0268,47.29,1.449,2.713,52.5,2.01,53,0
M-0269,51.23,1.998,2.345,63.3,1.56,17,0
M-0270,45.21,1.72,2.466,62.7,0.45,35,0
M-0271,47.5,1.757,2.506,60.4,0.85,17,0
M-0272,53.46,1.844,2.594,61.4,2.26,22,0
M-0273,45.37,2.387,2.516,58.1,0.83,26,0
M-0274,48.42,1.21,2.927,36.0,7.18,159,0
M-0275,49.04,2.107,2.387,52.7,8.23,163,0
M-0276,55.86,2.425,2.149,78.5,4.84,54,0
M-0277,47.85,1.4,2.675,37.4,3.95,33,0
M-0278,52.59,2.418,2.182,58.6,6.15,68,0
M-0279,52.49,2.517,2.254,47.2,10.53,137,0
M-0280,50.7,2.557,2.141,64.0,10.24,155,0
M-0281,50.32,1.618,2.754,55.0,0.71,72,0
M-0282,53.33,2.389,2.123,88.6,2.34,87,0
M-0283,52.67,2.125,2.244,71.1,2.99,85,0
M-0284,45.53,1.555,2.907,38.4,3.14,27,0
M-0285,55.68,2.451,2.436,74.1,6.94,47,0
M-0286,48.75,1.969,2.746,48.1,5.11,190,0
M-0287,44.51,1.849,2.475,51.6,0.78,72,0
M-0288,48.45,1.869,2.244,67.6,4.61,27,0
M-0289,51.83,1.791,2.743,53.1,6.38,106,0
M-0290,53.29,1.671,2.317,78.1,1.4,34,0
M-0291,53.08,2.51,2.38,48.1,10.03,160,0
M-0292,46.44,1.697,2.734,50.9,0.81,115,0
M-0293,47.39,2.528,2.531,50.2,11.11,136,0
M-0294,49.53,1.285,2.503,51.8,1.37,74,0
M-0295,56.6,3.383,2.05,81.8,10.15,179,0
M-0296,56.9,2.613,2.247,73.3,10.85,191,0
M-0297,59.02,3.249,1.657,92.8,11.76,76,0
M-0298,65.62,3.414,1.81,100.0,9.66,129,1
M-0299,46.51,1.861,2.315,43.4,9.4,76,0
M-0300,51.54,2.219,2.139,63.3,7.78,57,0
M-0301,48.49,2.139,2.435,40.8,9.39,185,0
M-0302,43.53,2.448,2.706,48.0,1.79,108,0
M-0303,49.94,2.136,2.427,50.7,6.53,98,0
M-0304,51.47,2.343,2.474,43.0,6.27,57,0
M-0305,47.84,2.537,2.483,43.1,10.32,191,0
M-0306,51.64,2.247,2.212,59.4,5.66,51,0
M-0307,38.81,1.451,2.719,40.1,4.74,42,0
M-0308,55.36,2.917,2.311,77.2,7.75,91,0
M-0309,45.7,1.3,2.608,45.5,3.34,108,0
M-0310,55.7,3.037,1.971,100.0,1.85,54,0
M-0311,52.29,2.114,2.517,53.9,5.84,260,0
M-0312,50.38,1.431,2.038,63.3,5.12,88,0
M-0313,44.37,1.472,2.798,38.7,2.94,50,0
M-0314,56.46,2.842,2.52,92.7,4.54,60,0
M-0315,50.13,2.402,2.131,82.2,4.52,199,0
M-0316,48.7,2.367,2.321,67.3,4.06,72,0
M-0317,47.91,1.442,2.799,37.8,4.68,163,0
M-0318,47.72,2.09,2.516,65.8,8.29,46,0
M-0319,43.87,1.66,2.812,41.8,3.7,136,0
M-0320,58.52,3.103,1.56,88.3,11.4,78,0
M-0321,61.33,2.757,2.146,76.6,11.01,146,0
M-0322,53.66,2.581,2.75,63.7,5.87,56,0
M-0323,39.38,1.044,3.03,18.1,4.07,60,0
M-0324,51.07,2.024,2.371,44.3,6.52,51,0
M-0325,54.03,2.774,2.147,74.4,10.21,144,0
M-0326,59.62,2.316,1.842,83.8,7.9,146,0
M-0327,53.86,2.483,2.221,82.0,9.69,72,0
M-0328,48.04,1.74,2.535,33.3,6.49,42,0
M-0329,52.23,2.994,2.261,67.4,7.67,173,0
M-0330,51.61,2.527,2.059,80.3,3.6,51,0
M-0331,45.5,1.411,2.555,32.1,8.87,89,0
M-0332,50.49,1.087,2.681,61.9,2.59,39,0
M-0333,52.22,2.69,2.253,66.9,8.4,130,0
M-0334,53.55,2.418,2.223,56.6,10.36,140,0
M-0335,40.58,1.617,2.679,28.7,1.76,165,0
M-0336,52.32,1.973,2.091,56.1,7.45,153,0
M-0337,49.09,1.857,2.343,56.1,1.32,123,0
M-0338,51.84,2.612,2.337,59.3,8.76,93,0
M-0339,45.8,1.548,2.755,51.9,1.2,57,0
M-0340,52.34,2.346,2.231,54.0,11.24,141,0
M-0341,50.73,1.897,2.72,61.3,1.82,63,0
M-0342,60.93,2.925,2.008,70.0,11.51,172,1
M-0343,54.22,2.387,2.292,56.5,9.65,66,0
M-0344,52.8,2.446,2.242,54.6,7.21,41,0
M-0345,61.28,2.374,2.409,63.7,9.43,126,0
M-0346,46.69,1.49,3.017,27.4,9.58,79,0
M-0347,56.9,3.326,1.837,70.6,11.36,69,0
M-0348,51.9,1.836,2.371,62.0,3.19,234,0
M-0349,49.4,2.157,2.521,62.7,7.16,90,0
M-0350,51.89,2.158,2.034,79.3,1.32,25,0
M-0351,42.95,1.712,2.832,26.8,7.47,67,0
M-0352,43.51,1.185,3.072,26.5,2.22,58,0
M-0353,52.36,2.365,2.288,66.9,6.87,115,0
M-0354,52.1,2.274,2.422,61.9,6.95,65,0
M-0355,54.71,2.297,2.609,65.1,5.7,77,0
M-0356,51.92,1.434,2.758,53.7,6.37,99,0
M-0357,55.0,3.199,2.122,74.0,9.21,120,0
M-0358,54.93,2.749,1.979,78.8,9.63,96,0
M-0359,56.21,2.536,2.104,70.7,6.01,203,0
M-0360,52.89,1.841,2.537,57.3,7.28,127,0
M-0361,41.15,1.79,2.462,24.1,11.19,139,0
M-0362,51.6,1.948,2.259,75.8,1.61,98,0
M-0363,54.62,2.692,2.219,84.0,1.58,133,1
M-0364,53.77,1.903,2.255,73.6,1.23,76,0
M-0365,51.11,2.29,2.542,46.2,7.96,59,0
M-0366,54.36,2.188,2.642,74.1,5.14,101,0
M-0367,57.77,2.618,2.067,77.5,9.34,125,0
M-0368,58.63,2.811,1.897,90.1,8.12,172,1
M-0369,45.28,2.152,2.754,46.2,4.14,41,0
M-0370,51.92,1.974,2.323,57.9,10.8,73,0
M-0371,55.79,2.33,2.345,75.5,9.2,100,0
M-0372,50.3,1.494,2.435,63.0,3.39,107,0
M-0373,41.34,1.437,2.595,41.9,4.5,39,0
M-0374,51.01,1.966,2.033,69.5,3.91,41,0
M-0375,52.0,1.656,2.07,72.4,2.06,117,0
M-0376,49.13,1.735,2.145,63.6,1.94,30,0
M-0377,53.93,2.116,2.238,66.0,11.25,75,0
M-0378,51.3,1.8,2.21,57.3,5.37,134,0
M-0379,53.81,2.935,2.27,88.6,4.72,111,0
M-0380,44.8,2.248,2.485,45.8,8.81,73,0
M-0381,48.44,2.133,2.426,51.4,6.73,112,0
M-0382,55.73,2.332,2.087,62.2,11.25,120,0
M-0383,60.74,2.326,2.181,77.8,9.41,94,0
M-0384,47.38,1.401,2.554,35.0,5.86,69,0
M-0385,41.72,1.677,2.515,38.4,4.64,102,0
M-0386,45.3,2.237,2.84,25.3,11.84,71,0
M-0387,53.34,2.679,2.339,62.6,8.67,117,0
M-0388,49.81,2.437,2.424,41.9,11.42,116,0
M-0389,49.24,1.555,2.652,55.1,1.6,80,0
M-0390,53.48,2.755,2.109,73.9,10.24,70,0
M-0391,49.74,2.047,2.513,50.5,7.72,173,0
M-0392,51.39,1.908,2.284,66.2,1.64,44,0
M-0393,52.82,2.775,2.723,56.6,7.14,71,0
M-0394,52.94,2.113,2.061,74.1,8.3,87,0
M-0395,49.78,1.88,2.644,70.6,0.35,94,0
M-0396,41.37,2.298,2.486,49.5,5.56,94,0
M-0397,50.83,2.046,2.423,59.0,9.94,56,0
M-0398,53.07,2.2,2.306,80.8,3.69,76,0
M-0399,50.07,2.166,2.464,69.1,5.61,87,0
M-0400,45.98,1.657,2.538,36.9,5.42,166,0
M-0401,52.78,1.814,2.442,73.8,3.76,64,0
M-0402,43.44,2.409,2.76,42.5,11.04,131,0
M-0403,59.03,3.117,1.924,87.4,9.42,260,1
M-0404,50.96,2.353,2.253,80.4,1.5,135,0
M-0405,56.43,2.514,2.061,67.2,11.97,76,0
M-0406,50.69,2.634,2.152,64.8,10.57,143,0
M-0407,49.49,1.713,2.736,58.2,3.55,97,0
M-0408,55.12,2.648,1.947,74.2,10.08,88,0
M-0409,48.61,2.358,2.399,55.3,1.46,107,0
M-0410,55.29,2.768,2.413,66.2,11.99,76,1
M-0411,55.05,2.32,2.216,77.7,8.06,70,0
M-0412,45.96,2.225,2.77,51.9,7.87,86,0
M-0413,42.93,1.283,2.535,50.9,1.27,51,0
M-0414,47.25,1.852,2.515,40.5,10.78,137,0
M-0415,44.65,1.17,2.617,42.8,0.54,62,0
M-0416,41.19,1.277,2.848,29.1,3.04,55,0
M-0417,54.01,2.406,2.017,75.1,1.89,135,0
M-0418,59.29,3.216,1.991,94.6,9.37,129,1
M-0419,52.92,2.565,2.186,87.7,2.54,29,0
M-0420,46.4,1.752,2.574,32.7,10.95,62,0
M-0421,55.67,2.445,2.088,75.0,7.94,75,0
M-0422,55.4,2.35,2.04,87.6,0.63,23,0
M-0423,51.83,1.462,2.715,53.8,0.26,115,0
M-0424,47.67,1.782,2.276,63.8,0.81,43,0
M-0425,43.81,1.79,2.838,25.9,7.35,116,0
M-0426,55.15,2.479,2.539,66.8,9.66,138,0
M-0427,45.72,1.711,2.898,42.9,3.01,23,0
M-0428,52.73,3.043,1.966,65.6,10.22,82,0
M-0429,38.82,1.278,2.735,33.9,0.88,56,0
M-0430,53.8,2.996,2.215,71.8,9.65,113,0
M-0431,54.92,3.091,1.995,80.4,11.15,155,0
M-0432,45.24,1.8,2.218,47.9,9.31,260,0
M-0433,45.87,1.722,2.602,41.5,8.44,202,1
M-0434,41.92,1.591,2.718,23.2,10.09,100,0
M-0435,49.41,1.491,2.853,57.2,0.67,61,0
M-0436,49.06,1.746,2.527,51.5,2.58,168,0
M-0437,40.9,1.561,2.986,34.1,1.67,68,0
M-0438,52.53,2.726,2.052,70.2,6.15,65,0
M-0439,46.07,2.381,2.214,53.9,8.99,152,0
M-0440,46.53,1.865,2.663,42.6,7.63,107,0
M-0441,52.09,1.772,2.543,52.0,10.24,59,0
M-0442,55.94,2.285,2.071,81.3,2.03,57,0
M-0443,53.16,2.634,2.158,72.9,8.87,57,0
M-0444,51.97,1.961,2.251,59.7,2.48,15,0
M-0445,48.68,2.811,2.258,73.1,3.39,197,0
M-0446,44.66,2.38,2.676,41.1,8.58,101,0
M-0447,55.91,2.879,2.135,62.6,11.77,98,0
M-0448,56.91,2.101,2.249,64.7,7.42,72,1
M-0449,48.44,1.533,2.406,53.5,0.84,66,0
M-0450,53.62,2.441,2.121,69.8,7.47,72,0
M-0451,40.16,1.349,2.938,48.0,0.7,31,0
M-0452,50.19,2.869,2.142,71.2,10.63,87,0
M-0453,55.02,2.688,2.012,71.9,8.57,182,1
M-0454,38.38,0.783,2.964,15.0,2.24,123,0
M-0455,51.06,2.583,1.961,83.4,1.28,49,0
M-0456,39.53,1.126,2.849,15.0,2.37,204,0
M-0457,51.79,1.965,2.563,50.9,11.76,106,0
M-0458,57.68,2.505,2.121,80.5,5.61,56,0
M-0459,51.99,2.451,2.641,56.3,9.45,117,0
M-0460,49.5,2.142,2.615,35.6,7.71,193,0
M-0461,47.46,1.839,2.563,42.3,6.95,171,0
M-0462,53.27,2.474,2.339,80.5,1.91,43,0
M-0463,48.91,2.048,2.209,27.4,11.36,69,0
M-0464,52.26,2.045,2.201,82.3,3.76,62,0
M-0465,58.9,1.878,2.335,61.0,7.02,116,0
M-0466,48.7,2.328,2.79,40.5,8.46,138,0
M-0467,50.86,2.502,2.59,51.5,7.86,162,1
M-0468,51.06,2.374,2.262,43.7,11.3,115,0
M-0469,57.83,2.612,2.469,77.6,1.95,79,0
M-0470,56.39,2.764,2.151,75.2,6.2,93,0
M-0471,39.89,1.773,2.608,31.1,4.97,140,0
M-0472,53.3,1.815,2.48,54.7,5.8,129,0
M-0473,45.06,2.092,2.62,46.5,1.61,41,0
M-0474,54.84,2.469,2.428,85.3,1.78,104,0
M-0475,41.53,1.482,2.765,37.7,3.48,129,0
M-0476,58.07,2.383,2.098,90.9,3.8,136,0
M-0477,49.18,2.221,2.526,61.4,5.25,98,0
M-0478,47.63,1.477,2.747,41.1,7.41,104,0
M-0479,48.68,2.319,2.585,49.8,7.69,91,0
M-0480,52.75,1.619,2.78,47.6,5.06,85,0
M-0481,51.01,1.834,2.753,39.1,5.02,196,0
M-0482,50.38,1.858,2.443,63.7,2.77,78,0
M-0483,47.16,1.83,2.791,39.9,7.14,65,0
M-0484,40.81,1.143,2.864,22.8,3.94,94,0
M-0485,50.29,1.645,2.578,55.2,0.63,105,0
M-0486,42.96,2.096,3.042,29.5,5.14,138,0
M-0487,47.17,2.345,2.783,48.5,5.79,51,0
M-0488,48.87,1.785,2.63,45.6,2.86,166,0
M-0489,46.92,1.998,2.448,46.3,6.96,128,0
M-0490,59.56,3.166,2.136,98.0,6.88,176,0
M-0491,48.57,2.737,2.41,63.0,8.48,54,0
M-0492,54.97,2.202,2.307,66.4,7.85,155,0
M-0493,50.21,1.761,2.641,30.0,7.9,59,0
M-0494,49.69,1.339,2.602,50.2,3.93,67,0
M-0495,57.56,2.862,2.219,65.9,9.49,141,0
M-0496,45.39,2.513,2.454,43.6,6.68,52,0
M-0497,55.23,2.479,2.198,78.3,5.29,63,0
M-0498,44.84,1.35,2.619,40.4,7.59,50,0
M-0499,48.92,2.178,2.396,56.8,4.46,119,0
M-0500,51.14,1.792,2.621,51.5,6.25,59,0
M-0501,53.56,2.3,2.454,65.0,8.89,99,0
M-0502,47.23,2.533,2.533,50.5,10.66,126,0
M-0503,49.13,2.58,2.244,57.1,11.07,122,0
M-0504,46.88,2.014,2.524,57.7,6.14,97,0
M-0505,49.86,1.822,2.519,48.8,6.34,98,0
M-0506,60.26,2.681,1.963,70.7,9.64,60,0
M-0507,54.89,2.022,2.464,66.3,3.91,69,0
M-0508,47.9,2.183,2.296,60.4,10.08,112,0
M-0509,53.34,1.986,2.863,54.3,6.03,91,0
M-0510,54.93,2.237,2.528,76.3,1.57,64,0
M-0511,44.16,1.718,2.644,57.8,1.05,42,0
M-0512,51.2,2.031,2.359,56.5,10.14,117,0
M-0513,52.29,2.141,2.488,63.9,0.86,89,0
M-0514,58.37,1.812,1.891,92.5,3.51,60,0
M-0515,41.79,1.517,2.414,37.9,4.14,135,0
M-0516,54.29,2.01,2.144,75.9,2.24,165,0
M-0517,37.34,1.487,2.81,27.9,3.9,80,0
M-0518,52.95,2.666,1.898,65.9,8.96,71,0
M-0519,58.0,2.62,2.069,90.4,0.37,26,0
M-0520,55.11,2.472,2.112,70.8,9.96,91,0
M-0521,52.66,2.759,2.177,65.1,10.31,103,0
M-0522,50.8,1.984,2.406,51.9,4.59,42,0
M-0523,52.2,1.448,2.394,62.6,2.01,58,1
M-0524,54.33,2.763,2.654,57.5,7.29,144,0
M-0525,48.53,1.229,2.741,47.9,1.61,16,0
M-0526,52.33,2.127,2.366,56.8,4.51,85,0
M-0527,56.51,2.803,2.164,65.6,11.51,88,0
M-0528,51.67,2.491,2.369,48.2,11.95,110,0
M-0529,49.87,2.065,2.325,47.5,9.31,199,0
M-0530,44.38,1.847,2.58,37.5,3.87,76,0
M-0531,50.78,2.079,2.375,69.0,8.31,88,0
M-0532,52.15,2.564,2.108,71.8,8.52,131,0
M-0533,50.97,2.041,2.161,66.2,4.78,96,0
M-0534,56.58,2.471,2.097,79.4,7.76,99,0
M-0535,52.88,1.939,2.498,63.6,0.33,80,0
M-0536,51.28,2.395,2.039,69.1,2.67,145,0
M-0537,55.33,2.248,2.274,67.5,6.4,135,0
M-0538,52.04,2.115,2.611,60.4,2.13,60,0
M-0539,46.91,1.77,2.639,52.4,2.16,165,0
M-0540,63.08,2.955,2.155,100.0,10.07,84,1
M-0541,51.56,2.438,2.507,53.9,11.87,115,0
M-0542,52.48,1.973,2.713,50.0,6.76,100,0
M-0543,56.56,2.469,2.608,69.8,10.1,91,0
M-0544,51.89,2.859,2.276,66.5,11.89,193,0
M-0545,44.34,1.517,2.789,36.7,1.87,56,0
M-0546,59.84,2.096,2.282,82.2,5.49,79,0
M-0547,49.97,1.635,2.316,60.3,4.83,139,0
M-0548,45.92,1.611,2.735,42.0,1.14,49,0
M-0549,58.87,2.606,1.918,83.4,9.11,59,0
M-0550,50.82,2.452,2.302,73.3,5.32,90,0
M-0551,47.54,2.005,2.531,39.2,5.74,52,0
M-0552,52.94,2.134,1.963,94.0,1.98,34,0
M-0553,50.67,1.759,2.371,73.9,2.33,19,0
M-0554,56.3,3.049,2.214,61.8,10.9,55,0
M-0555,56.19,2.434,1.836,90.6,0.73,15,0
M-0556,49.81,1.921,2.165,64.9,2.95,181,0
M-0557,51.33,1.769,2.237,61.5,3.65,26,0
M-0558,48.56,1.858,2.358,50.1,5.98,52,0
M-0559,54.18,2.155,2.269,72.5,7.12,86,0
M-0560,54.94,2.619,2.288,70.6,6.02,118,0
M-0561,47.34,1.643,2.643,62.3,1.19,105,0
M-0562,47.0,2.047,2.72,47.8,3.08,47,0
M-0563,52.91,2.457,2.396,64.3,10.15,107,0
M-0564,47.72,2.031,2.425,60.7,7.72,88,0
M-0565,44.5,1.804,2.631,38.0,7.86,95,0
M-0566,50.54,1.162,2.797,35.5,8.11,102,0
M-0567,56.02,2.605,2.301,72.2,9.2,120,0
M-0568,35.29,0.942,3.106,15.2,0.89,45,0
M-0569,47.49,2.403,2.552,65.7,4.53,149,0
M-0570,49.41,1.575,2.07,53.4,6.57,210,0
M-0571,59.77,2.83,2.072,85.5,4.19,65,0
M-0572,50.77,2.598,2.31,53.1,10.16,260,0
M-0573,57.3,2.772,2.401,73.9,5.89,67,0
M-0574,52.15,2.318,2.611,54.9,9.27,104,0
M-0575,54.93,2.856,1.993,64.0,10.25,98,1
M-0576,50.86,2.055,2.419,75.3,6.16,90,0
M-0577,54.17,2.636,2.145,53.7,10.93,166,0
M-0578,54.92,2.408,1.93,79.9,7.13,83,0
M-0579,51.55,1.749,2.427,44.1,10.23,66,0
M-0580,49.59,1.863,2.286,67.3,4.22,57,0
M-0581,55.49,2.523,1.905,78.6,6.09,79,0
M-0582,55.08,2.234,2.306,73.9,6.47,97,0
M-0583,56.48,2.6,2.165,96.5,1.44,41,0
M-0584,48.87,1.38,2.717,48.3,4.9,58,0
M-0585,47.45,1.55,2.459,37.2,11.02,117,0
M-0586,46.45,2.401,2.523,44.1,7.64,105,0
M-0587,56.46,2.405,2.301,73.9,2.29,120,0
M-0588,55.23,1.948,2.564,71.0,4.2,57,0
M-0589,48.17,1.983,1.969,63.8,2.46,98,0
M-0590,45.89,1.725,2.583,41.8,0.49,59,0
M-0591,54.76,2.968,2.063,75.8,11.14,89,0
M-0592,43.18,1.822,2.46,40.0,5.49,81,0
M-0593,57.64,2.735,2.119,82.9,3.83,80,0
M-0594,55.84,2.79,1.848,100.0,7.26,52,1
M-0595,52.63,1.915,2.314,68.6,0.29,26,0
M-0596,51.86,2.211,2.303,72.5,3.48,110,0
M-0597,49.96,2.167,2.501,53.1,8.5,82,0
M-0598,45.99,1.646,2.667,29.4,7.68,102,0
M-0599,53.07,2.475,2.269,51.2,11.79,141,0
M-0600,45.55,1.986,2.528,42.3,7.52,89,0
M-0601,47.4,1.441,2.671,36.0,5.83,112,0
M-0602,59.89,3.237,1.626,93.0,9.18,101,1
M-0603,51.34,2.395,2.249,66.9,10.86,110,0
M-0604,53.62,2.481,2.134,68.8,8.7,163,0
M-0605,56.21,2.451,2.485,56.4,11.57,101,0
M-0606,56.56,2.517,2.402,58.9,9.43,134,0
M-0607,59.02,2.267,2.224,79.4,10.43,61,0
M-0608,46.11,2.121,2.313,61.4,1.55,76,0
M-0609,56.0,2.412,2.111,71.6,8.84,184,0
M-0610,52.5,2.449,2.215,58.5,5.39,252,0
M-0611,52.2,2.026,2.299,55.8,6.73,47,0
M-0612,48.67,1.89,2.812,36.7,7.92,79,0
M-0613,46.99,2.534,2.88,26.4,11.64,76,0
M-0614,52.73,2.49,2.083,57.3,11.82,103,1
M-0615,48.9,2.401,2.33,63.0,3.6,121,0
M-0616,42.6,2.025,2.55,38.8,8.86,167,0
M-0617,53.46,2.55,2.381,61.4,9.05,170,1
M-0618,51.27,2.125,2.106,63.0,4.29,36,0
M-0619,42.3,1.429,2.674,23.2,1.66,70,0
M-0620,41.85,1.329,2.765,45.5,0.68,42,0
M-0621,56.15,2.325,1.872,69.3,9.37,91,0
M-0622,58.2,2.161,2.201,69.0,5.98,68,0
M-0623,49.6,2.307,2.485,41.2,11.83,67,0
M-0624,51.67,2.182,2.396,64.9,5.69,155,0
M-0625,58.77,3.177,1.969,80.4,11.74,82,1
M-0626,59.28,2.762,2.153,76.0,5.06,60,0
M-0627,49.91,2.179,2.423,60.3,9.57,188,0
M-0628,47.86,1.499,2.623,53.6,1.2,22,0
M-0629,47.11,1.667,2.37,50.7,6.75,109,0
M-0630,53.42,3.211,2.169,70.4,9.66,155,0
M-0631,54.28,2.748,2.247,65.5,11.11,186,0
M-0632,59.09,2.847,2.397,73.3,9.91,118,0
M-0633,54.13,1.481,2.587,64.4,0.64,100,0
M-0634,55.12,2.376,2.409,76.7,4.6,135,0
M-0635,48.38,1.997,2.369,63.7,0.77,60,0
M-0636,58.9,2.061,2.215,76.1,1.49,37,0
M-0637,54.65,2.962,2.076,77.7,8.17,189,1
M-0638,47.85,2.799,2.441,47.5,8.62,126,0
M-0639,41.06,1.615,2.502,29.5,9.33,101,0
M-0640,63.07,2.761,2.115,89.8,10.41,62,0
M-0641,56.19,2.273,2.369,66.6,8.93,43,0
M-0642,52.48,2.384,2.586,31.1,9.65,120,0
M-0643,42.55,1.885,2.743,49.2,0.78,10,0
M-0644,56.82,2.201,2.301,75.9,2.97,75,0
M-0645,51.11,2.251,2.493,57.0,7.54,67,0
M-0646,53.35,2.146,2.143,52.8,10.33,85,0
M-0647,50.02,2.488,2.174,87.2,0.25,136,0
M-0648,51.13,1.791,2.566,43.1,6.27,62,0
M-0649,51.21,2.049,2.573,47.6,8.19,98,0
M-0650,49.62,2.046,2.346,65.8,0.55,39,0
M-0651,54.08,2.21,1.898,69.0,4.94,96,0
M-0652,53.46,2.669,1.957,70.9,10.77,112,0
M-0653,54.4,2.674,2.096,78.4,8.13,95,1
M-0654,49.57,2.278,2.398,65.6,3.0,129,0
M-0655,50.38,3.155,2.413,70.8,10.26,58,0
M-0656,51.79,2.169,2.548,57.3,4.31,30,0
M-0657,56.61,2.781,2.249,63.1,10.27,65,0
M-0658,48.92,2.024,2.384,63.9,3.73,84,0
M-0659,53.62,2.175,2.457,65.9,7.17,113,0
M-0660,53.21,2.566,2.123,75.9,4.88,22,0
M-0661,53.24,2.252,2.278,72.0,3.44,98,0
M-0662,51.98,2.182,2.056,62.8,10.66,91,0
M-0663,44.23,1.593,2.847,47.4,2.41,168,0
M-0664,52.18,1.855,2.524,63.2,1.2,85,0
M-0665,50.27,1.932,2.293,61.5,4.23,164,0
M-0666,58.56,2.894,2.229,65.5,8.67,165,0
M-0667,61.5,3.314,1.888,100.0,9.73,87,0
M-0668,49.55,2.88,2.279,52.6,11.99,155,0
M-0669,55.17,2.254,2.237,69.6,3.7,63,0
M-0670,56.77,2.511,2.045,81.2,5.01,191,1
M-0671,51.73,1.672,2.494,63.8,1.81,59,0
M-0672,63.24,2.977,1.818,100.0,6.98,115,0
M-0673,50.83,2.545,2.216,55.2,11.97,239,0
M-0674,53.4,2.123,2.01,67.8,8.47,124,0
M-0675,48.28,1.898,2.51,47.6,7.22,74,0
M-0676,46.07,1.924,2.432,55.7,4.83,41,0
M-0677,53.89,2.787,2.126,66.5,11.0,61,0
M-0678,58.19,2.624,2.203,77.2,6.06,108,1
M-0679,51.32,1.841,2.512,67.7,1.79,66,0
M-0680,52.16,2.644,2.233,84.7,4.51,43,0
M-0681,44.67,1.759,2.59,60.3,0.99,104,0
M-0682,52.82,1.049,2.475,56.0,2.58,109,0
M-0683,56.95,2.345,1.949,100.0,0.41,59,0
M-0684,51.01,2.612,2.115,69.1,5.55,174,0
M-0685,48.54,1.639,2.374,49.0,7.69,45,0
M-0686,43.96,1.891,2.553,49.5,4.25,63,0
M-0687,50.93,2.291,2.455,45.0,5.16,110,0
M-0688,56.51,2.72,2.031,78.9,11.52,73,1
M-0689,54.84,2.329,2.203,55.4,9.07,143,0
M-0690,52.24,1.936,2.048,64.3,6.58,153,0
M-0691,53.71,2.468,2.562,60.9,3.56,19,0
M-0692,57.06,2.789,2.002,75.2,10.78,198,0
M-0693,48.84,1.728,2.481,46.8,2.97,98,0
M-0694,48.07,2.1,2.462,42.6,4.04,58,0
M-0695,56.07,2.843,2.252,66.0,10.93,62,0
M-0696,54.83,2.199,2.435,72.8,6.45,141,0
M-0697,53.38,2.364,2.146,68.0,8.96,59,0
M-0698,53.64,2.18,2.467,47.4,7.17,115,0
M-0699,52.52,2.404,2.333,74.2,7.91,56,0
M-0700,47.39,1.212,2.284,48.6,3.73,77,0
M-0701,47.99,1.811,2.857,52.6,3.05,124,0
M-0702,47.75,1.346,3.001,45.0,4.01,59,0
M-0703,53.59,2.793,1.741,85.4,2.03,162,0
M-0704,56.7,2.809,2.091,73.4,10.52,133,0
M-0705,52.19,1.974,2.172,72.9,3.54,41,0
M-0706,52.54,2.486,2.024,84.4,6.83,47,0
M-0707,61.32,2.637,1.744,100.0,9.55,72,0
M-0708,43.26,1.613,2.769,31.2,9.45,98,0
M-0709,43.62,2.214,2.513,48.7,5.37,185,0
M-0710,49.17,2.628,2.348,50.9,5.82,206,0
M-0711,51.91,2.589,2.364,46.7,11.94,89,0
M-0712,49.41,2.003,2.617,42.6,8.16,73,0
M-0713,53.34,2.284,2.136,56.6,9.81,140,0
M-0714,43.68,1.918,2.234,40.1,10.85,144,0
M-0715,50.7,3.163,2.515,68.0,9.49,177,0
M-0716,55.05,1.909,2.332,62.9,2.39,151,0
M-0717,50.9,3.027,2.209,70.7,6.83,59,0
M-0718,52.87,2.426,2.298,71.1,1.4,22,0
M-0719,52.8,2.067,2.266,72.9,7.9,123,0
M-0720,52.53,2.319,2.583,55.3,11.47,118,0
M-0721,58.17,2.731,1.987,100.0,6.25,34,0
M-0722,53.42,2.218,2.08,66.2,5.31,37,0
M-0723,41.9,1.192,2.671,28.5,0.62,91,0
M-0724,48.69,3.145,2.371,44.0,11.53,102,0
M-0725,39.65,1.007,2.804,30.7,1.42,96,0
M-0726,49.71,1.887,2.21,62.3,0.68,28,0
M-0727,46.4,2.132,2.586,59.8,3.1,107,0
M-0728,48.33,1.687,2.409,53.6,0.97,82,0
M-0729,65.94,2.866,2.171,98.2,5.57,122,0
M-0730,57.15,2.123,2.521,71.9,6.29,69,0
M-0731,55.13,2.323,2.212,75.1,3.89,52,0
M-0732,45.09,1.668,2.757,45.2,0.8,22,0
M-0733,40.33,1.648,2.487,44.0,1.52,55,0
M-0734,47.48,2.293,2.479,62.7,4.74,142,0
M-0735,53.07,2.286,2.366,65.1,0.91,149,0
M-0736,43.03,2.06,2.522,28.6,8.44,57,0
M-0737,47.3,1.926,2.433,58.8,2.64,70,0
M-0738,49.96,1.725,2.334,62.3,3.76,180,0
M-0739,47.21,1.892,2.379,58.1,4.85,198,0
M-0740,44.53,1.825,2.706,47.4,5.12,68,0
M-0741,46.47,1.678,2.491,52.3,0.22,131,0
M-0742,46.31,1.689,2.784,58.8,1.52,122,0
M-0743,51.74,2.312,2.015,63.6,10.38,152,0
M-0744,49.1,1.645,2.628,72.9,0.21,15,0
M-0745,57.07,2.119,1.955,81.5,6.2,64,0
M-0746,49.56,2.053,2.42,56.7,5.98,79,0
M-0747,48.23,1.516,2.423,53.8,4.13,71,0
M-0748,54.31,2.024,2.224,69.9,5.29,80,0
M-0749,54.92,2.559,2.267,73.0,9.41,229,1
M-0750,50.75,2.011,2.587,54.2,10.13,90,0
M-0751,54.47,2.374,2.444,76.2,3.27,94,1
M-0752,56.06,2.591,2.129,79.6,4.01,95,0
M-0753,54.75,2.26,2.18,85.3,3.06,72,0
M-0754,58.53,2.659,1.85,94.0,5.86,48,0
M-0755,46.89,2.255,2.328,46.4,8.26,99,0
M-0756,47.76,1.788,2.247,62.3,2.89,21,0
M-0757,52.53,1.858,2.331,62.2,4.1,102,0
M-0758,54.44,2.908,2.288,60.2,11.18,52,0
M-0759,47.6,1.861,2.321,50.3,0.77,84,0
M-0760,46.02,1.876,2.679,35.3,5.64,60,0
M-0761,53.0,2.7,2.514,63.7,8.6,62,0
M-0762,48.3,1.112,2.802,48.2,1.98,110,0
M-0763,51.75,2.23,2.375,63.5,0.76,48,0
M-0764,48.69,1.756,2.408,47.7,1.83,71,0
M-0765,48.99,2.521,2.541,42.2,11.04,58,0
M-0766,53.31,1.974,2.077,66.2,0.31,153,0
M-0767,50.92,2.01,2.59,64.7,2.42,77,0
M-0768,52.83,1.919,2.332,72.4,0.57,70,0
M-0769,58.41,2.666,2.305,100.0,1.51,93,0
M-0770,53.76,2.332,1.982,67.0,7.52,34,0
M-0771,50.02,2.395,2.472,70.7,3.05,174,0
M-0772,49.31,1.491,2.55,42.6,6.92,75,0
M-0773,54.17,1.735,2.552,38.8,7.16,184,0
M-0774,58.53,3.618,1.689,90.5,10.22,87,1
M-0775,45.28,1.311,2.794,45.4,0.26,40,0
M-0776,47.97,2.131,2.583,43.2,10.27,124,1
M-0777,50.59,2.069,2.612,61.3,7.51,245,0
M-0778,53.25,1.99,2.634,60.4,2.12,138,0
M-0779,47.51,1.966,2.373,45.8,9.32,127,0
M-0780,50.83,2.387,2.154,56.5,10.29,124,0
M-0781,50.82,2.642,1.941,84.1,3.2,78,0
M-0782,48.45,2.137,2.64,47.5,11.04,195,0
M-0783,41.18,1.952,2.543,36.9,5.56,126,0
M-0784,57.31,2.851,2.356,79.0,7.32,47,0
M-0785,63.19,3.107,2.188,70.9,11.82,75,1
M-0786,47.24,1.939,2.581,50.8,4.47,110,0
M-0787,42.45,2.896,2.554,33.5,9.8,63,0
M-0788,49.81,2.117,2.674,48.6,3.96,83,0
M-0789,50.87,2.562,2.275,61.0,9.63,148,0
M-0790,59.91,2.445,2.013,83.0,7.29,113,1
M-0791,45.04,1.609,2.772,43.3,2.75,32,0
M-0792,48.95,2.519,2.374,60.5,5.09,50,0
M-0793,52.63,2.76,2.134,74.2,3.95,101,0
M-0794,41.69,1.493,3.088,19.1,1.12,205,0
M-0795,52.39,2.362,2.259,80.6,0.55,60,0
M-0796,44.6,1.353,2.732,40.7,4.29,129,0
M-0797,49.63,2.042,2.351,68.0,0.42,86,0
M-0798,47.28,1.66,2.205,66.4,2.15,46,0
M-0799,57.91,2.358,2.33,81.5,8.76,148,0
M-0800,50.03,2.653,2.421,71.9,8.56,48,0
M-0801,42.08,1.811,2.938,19.2,8.92,143,0
M-0802,49.28,2.06,2.515,47.9,3.94,103,0
M-0803,54.79,2.753,2.161,64.5,10.7,83,0
M-0804,52.65,2.392,2.589,58.5,7.21,55,0
M-0805,51.12,1.772,2.304,70.6,1.69,50,0
M-0806,55.66,2.135,2.187,76.2,1.9,43,0
M-0807,57.22,2.17,2.465,73.0,8.38,85,0
M-0808,49.96,1.304,2.489,58.1,2.24,56,0
M-0809,46.52,1.839,3.033,28.8,6.19,65,0
M-0810,54.14,2.3,2.083,53.8,11.9,61,1
M-0811,49.26,2.164,2.493,69.5,0.25,24,0
M-0812,41.01,1.753,3.063,42.4,0.4,126,0
M-0813,57.6,2.691,2.076,73.4,11.92,89,0
M-0814,56.85,2.758,2.09,78.4,7.1,80,0
M-0815,52.74,1.749,2.249,64.3,1.7,52,0
M-0816,40.72,1.212,2.973,15.0,10.79,197,0
M-0817,45.99,2.181,2.394,39.0,10.59,77,0
M-0818,60.24,2.735,1.92,96.0,6.53,59,0
M-0819,49.68,2.031,2.238,52.2,7.54,119,0
M-0820,37.42,1.933,3.098,26.3,3.42,85,0
M-0821,54.87,1.799,2.404,84.2,0.8,94,0
M-0822,47.12,2.419,2.318,62.2,7.22,116,0
M-0823,52.21,2.121,1.991,81.9,3.68,130,0
M-0824,56.86,2.712,2.491,67.0,8.03,52,0
M-0825,59.73,2.753,2.097,70.3,10.07,124,0
M-0826,47.1,2.021,2.24,68.5,0.41,34,0
M-0827,53.8,2.27,1.893,74.6,7.23,38,0
M-0828,58.43,2.455,1.873,100.0,2.93,98,0
M-0829,61.85,3.129,1.801,79.5,10.51,125,0
M-0830,42.54,1.989,2.668,33.6,3.19,74,0
M-0831,52.5,2.601,2.343,70.0,7.41,146,0
M-0832,60.22,2.389,2.031,82.5,6.73,60,0
M-0833,54.62,2.616,2.181,83.6,4.87,116,0
M-0834,52.52,2.922,2.278,54.3,8.2,88,0
M-0835,53.36,2.829,2.046,83.0,8.76,93,0
M-0836,54.97,2.993,2.441,78.7,6.89,39,0
M-0837,56.8,2.929,1.766,100.0,9.15,153,0
M-0838,48.24,2.397,2.434,48.5,11.8,128,0
M-0839,51.13,2.161,2.236,52.9,5.15,114,0
M-0840,50.12,2.248,2.659,56.5,6.27,54,0
M-0841,46.03,1.419,2.527,53.2,0.35,76,0
M-0842,47.49,1.97,2.627,46.0,9.59,94,0
M-0843,40.58,1.672,2.892,15.0,6.34,109,0
M-0844,49.96,2.335,2.572,54.2,5.01,92,0
M-0845,53.25,2.407,2.501,68.6,1.31,178,0
M-0846,44.68,2.914,2.273,53.1,10.7,183,0
M-0847,56.33,2.795,2.141,96.8,4.86,70,0
M-0848,52.82,2.302,2.175,62.2,8.25,119,0
M-0849,54.38,2.71,2.303,85.2,1.96,55,0
M-0850,55.92,2.916,2.098,66.7,11.55,160,0
M-0851,53.65,1.932,2.326,76.9,2.31,66,0
M-0852,50.1,1.759,2.308,67.0,2.55,53,0
M-0853,57.34,3.122,1.96,86.6,10.34,115,0
M-0854,53.16,2.557,2.048,63.0,10.97,177,0
M-0855,54.81,2.122,2.371,70.9,2.7,131,0
M-0856,50.77,2.616,2.29,68.6,5.74,68,0
M-0857,51.32,2.549,2.26,56.8,8.86,198,0
M-0858,55.47,3.062,2.146,69.3,10.56,73,0
M-0859,63.16,2.26,1.955,100.0,4.67,58,0
M-0860,49.62,2.222,2.308,57.1,6.3,136,0
M-0861,56.82,2.768,2.171,69.6,8.95,45,0
M-0862,60.8,2.408,1.853,84.6,8.83,99,0
M-0863,57.24,2.66,2.399,82.5,9.44,88,0
M-0864,51.25,2.054,2.5,62.2,6.93,197,0
M-0865,38.99,1.107,3.029,19.1,1.43,32,0
M-0866,54.91,3.204,2.31,71.3,10.87,72,0
M-0867,46.76,2.394,2.408,22.0,10.41,225,0
M-0868,59.39,2.736,1.539,88.5,9.62,89,1
M-0869,50.54,2.072,2.371,65.1,1.38,135,0
M-0870,50.85,2.442,2.004,80.0,2.61,56,0
M-0871,46.59,2.255,2.439,45.8,8.97,74,0
M-0872,48.28,1.41,2.862,34.1,0.47,136,0
M-0873,54.5,2.817,2.303,66.7,11.75,258,0
M-0874,48.59,2.576,2.215,61.4,4.65,159,0
M-0875,54.32,2.567,2.459,53.2,8.69,78,0
M-0876,54.51,2.297,2.223,63.5,10.67,104,1
M-0877,60.69,3.037,1.984,100.0,4.86,49,1
M-0878,53.37,2.584,2.143,77.0,3.97,50,0
M-0879,55.29,2.748,2.316,80.9,7.38,62,0
M-0880,54.72,2.885,2.131,77.2,7.06,74,0
M-0881,53.17,2.675,2.345,88.6,5.03,89,0
M-0882,50.94,2.308,2.238,58.6,7.3,92,0
M-0883,46.33,1.977,2.788,25.0,11.24,146,0
M-0884,55.28,1.569,2.394,58.6,5.72,94,0
M-0885,53.21,2.196,2.215,76.6,2.52,105,0
M-0886,40.82,1.614,2.7,44.5,4.65,123,0
M-0887,49.88,1.74,2.375,58.8,4.85,63,0
M-0888,53.81,2.074,2.186,49.5,1.75,63,0
M-0889,57.8,2.553,1.638,89.0,2.12,260,0
M-0890,53.22,2.621,2.341,75.5,8.28,74,0
M-0891,54.65,2.134,2.457,73.7,4.21,115,0
M-0892,54.33,2.91,2.387,73.2,11.47,67,0
M-0893,46.36,2.262,2.434,61.3,3.07,119,0
M-0894,49.13,1.701,2.222,65.6,1.37,41,0
M-0895,48.28,2.062,2.468,40.7,9.09,101,0
M-0896,39.88,2.095,2.715,22.6,10.6,61,0
M-0897,47.81,1.534,2.225,64.7,3.48,74,0
M-0898,51.11,2.049,2.635,67.8,2.58,72,0
M-0899,53.44,2.217,2.543,83.8,2.39,64,0
M-0900,58.75,2.715,2.084,90.3,6.36,110,1
M-0901,54.28,2.564,2.022,90.3,5.73,149,0
M-0902,48.01,1.726,2.433,44.0,3.26,42,0
M-0903,44.5,2.245,2.811,55.7,0.73,58,0
M-0904,57.46,2.272,2.267,70.6,5.88,43,0
M-0905,57.72,3.396,1.716,100.0,11.52,58,0
M-0906,55.22,3.397,2.066,88.6,7.9,102,0
M-0907,56.88,2.428,2.019,82.1,6.05,51,0
M-0908,52.11,2.261,2.576,55.0,1.51,69,0
M-0909,47.39,1.72,2.387,46.1,3.18,85,0
M-0910,54.88,2.796,2.418,76.2,3.68,29,0
M-0911,48.48,2.311,2.496,42.2,9.22,117,0
M-0912,49.77,2.566,2.479,57.7,10.55,165,0
M-0913,51.79,2.523,2.228,59.9,10.84,136,0
M-0914,57.12,2.994,1.845,90.7,11.82,77,0
M-0915,49.22,2.557,2.094,55.6,11.79,107,0
M-0916,45.18,2.085,2.868,18.1,11.45,111,0
M-0917,48.19,2.004,2.231,71.1,1.05,60,0
M-0918,47.52,1.588,2.534,49.4,1.83,28,1
M-0919,47.13,1.994,2.402,62.8,3.79,49,0
M-0920,52.09,2.52,2.376,60.4,6.72,80,0
M-0921,46.89,2.121,2.259,57.1,1.34,77,0
M-0922,60.01,2.599,2.044,76.2,10.18,81,0
M-0923,46.78,1.643,2.777,34.4,7.48,41,0
M-0924,52.78,2.2,2.392,52.7,6.6,69,0
M-0925,50.35,2.577,2.269,74.3,2.15,181,0
M-0926,47.79,2.127,2.585,50.9,3.19,93,0
M-0927,40.66,1.051,2.781,33.0,2.09,79,0
M-0928,54.83,2.678,1.94,74.0,10.25,74,0
M-0929,55.6,2.401,2.08,82.2,7.09,72,0
M-0930,50.57,2.342,2.453,61.2,8.87,45,0
M-0931,39.38,1.857,2.669,26.7,3.69,46,0
M-0932,49.82,1.94,2.179,74.7,4.58,96,0
M-0933,38.22,1.148,2.519,32.1,4.98,91,0
M-0934,51.24,2.322,2.361,67.6,9.17,74,0
M-0935,50.95,2.257,2.45,46.0,9.31,94,0
M-0936,41.08,1.762,2.554,41.1,2.64,74,0
M-0937,48.42,2.594,2.333,54.0,11.31,85,0
M-0938,53.3,2.158,2.312,58.7,1.62,90,0
M-0939,49.28,1.872,2.21,50.4,10.77,113,0
M-0940,52.43,2.393,2.111,72.6,1.38,51,0
M-0941,50.04,1.783,2.349,54.0,3.32,35,0
M-0942,58.83,3.053,2.257,79.6,10.19,84,0
M-0943,46.84,1.66,2.27,67.1,2.32,50,0
M-0944,47.56,1.922,2.604,49.4,5.08,58,0
M-0945,43.48,1.965,2.422,46.4,5.51,37,0
M-0946,49.87,1.788,2.906,32.3,3.09,156,0
M-0947,49.51,2.06,2.065,67.2,8.58,174,0
M-0948,49.12,2.428,2.333,55.6,10.25,96,0
M-0949,41.27,1.483,2.764,19.3,10.52,113,0
M-0950,44.52,2.049,2.889,52.4,4.2,99,0
M-0951,51.5,2.176,2.64,45.8,6.46,81,0
M-0952,62.59,2.872,1.993,90.4,3.13,87,0
M-0953,42.05,1.296,2.906,31.3,3.09,103,0
M-0954,40.45,1.716,3.107,36.1,2.1,76,0
M-0955,52.3,3.354,1.723,82.0,11.29,146,0
M-0956,58.18,2.546,1.811,86.4,10.68,79,0
M-0957,49.09,2.399,2.395,48.6,9.37,97,0
M-0958,47.28,2.303,2.418,50.6,6.31,260,0
M-0959,54.35,2.342,2.17,73.1,5.99,140,0
M-0960,43.36,1.157,2.639,20.1,6.45,95,0
M-0961,45.05,1.917,2.969,28.5,6.53,55,0
M-0962,49.1,1.739,2.206,56.9,5.33,83,0
M-0963,52.7,2.35,2.095,89.9,1.75,119,0
M-0964,49.4,1.74,2.725,54.2,1.68,104,0
M-0965,54.22,2.857,2.193,63.8,11.44,57,0
M-0966,58.09,2.399,1.957,82.4,5.89,39,0
M-0967,64.19,3.116,1.549,99.9,11.45,62,0
M-0968,43.62,1.767,2.541,51.6,2.13,92,0
M-0969,47.88,2.548,2.22,61.7,6.74,43,0
M-0970,55.08,3.196,2.079,94.8,2.65,38,0
M-0971,41.3,1.09,2.531,34.6,3.19,67,0
M-0972,54.92,2.229,2.4,80.5,0.55,126,0
M-0973,46.24,1.252,2.704,43.7,1.6,92,0
M-0974,56.86,2.911,2.239,63.8,11.02,93,1
M-0975,50.51,1.724,2.689,57.6,3.99,119,0
M-0976,48.71,1.82,2.458,44.8,7.38,233,0
M-0977,50.43,1.709,2.46,44.3,5.69,85,0
M-0978,53.17,2.204,2.236,67.0,4.93,41,0
M-0979,55.67,2.665,2.098,79.9,6.48,55,0
M-0980,53.06,2.04,2.459,59.7,2.41,38,0
M-0981,54.56,2.677,2.061,63.3,11.87,81,0
M-0982,54.55,2.318,1.813,72.3,9.86,86,0
M-0983,46.64,2.326,2.402,44.5,8.95,109,0
M-0984,55.98,2.421,2.261,75.3,5.73,41,1
M-0985,56.0,2.507,2.301,76.7,2.0,29,0
M-0986,61.85,3.082,1.965,100.0,11.06,134,0
M-0987,52.45,1.513,2.794,55.2,4.23,58,0
M-0988,42.06,1.667,2.707,53.8,0.79,34,0
M-0989,53.45,2.696,2.455,75.8,4.24,68,0
M-0990,56.09,2.795,2.212,76.7,9.57,176,0
M-0991,48.03,2.103,2.706,52.4,7.55,128,1
M-0992,57.32,2.071,2.663,54.7,9.06,130,0
M-0993,54.91,3.151,2.302,71.7,9.56,206,0
M-0994,45.52,1.412,2.73,47.1,2.7,86,0
M-0995,52.08,2.262,2.284,54.6,11.1,222,0
M-0996,46.2,2.357,2.346,63.6,5.37,208,0
M-0997,54.09,2.15,2.043,79.9,7.74,50,0
M-0998,48.9,1.944,2.73,51.1,0.23,15,0
M-0999,45.07,2.238,2.491,28.8,11.92,75,0
M-1000,40.48,1.66,2.802,27.5,3.51,143,0
M-1001,47.48,1.584,2.378,39.3,0.93,55,0
M-1002,49.45,1.716,2.925,38.4,5.61,69,0
M-1003,50.15,1.547,2.461,59.2,1.72,112,0
M-1004,43.65,1.491,2.786,40.6,2.0,47,0
M-1005,48.68,1.84,2.7,49.4,7.66,100,0
M-1006,45.66,2.014,2.6,48.1,4.84,109,0
M-1007,49.29,2.68,2.555,54.1,11.08,73,0
M-1008,52.95,2.905,1.923,85.8,3.97,40,0
M-1009,53.6,2.742,2.527,73.9,8.77,97,0
M-1010,48.55,2.453,2.535,62.3,5.64,91,0
M-1011,46.34,2.132,2.439,53.7,7.99,131,0
M-1012,50.77,2.037,2.646,54.2,7.28,55,0
M-1013,53.15,2.438,2.104,67.9,5.78,58,0
M-1014,60.51,2.703,2.048,72.5,11.41,231,1
M-1015,45.22,1.866,2.827,45.7,4.24,132,0
M-1016,50.59,1.653,2.142,62.7,2.29,64,0
M-1017,45.1,1.476,2.829,25.4,8.2,160,1
M-1018,53.4,2.776,2.291,65.8,10.18,67,0
M-1019,53.9,2.312,2.64,75.7,0.67,53,0
M-1020,52.02,1.812,2.176,57.0,5.51,90,0
M-1021,61.51,3.347,2.103,94.7,10.73,89,0
M-1022,48.56,2.01,2.381,46.1,9.05,84,0
M-1023,53.93,2.734,2.09,65.9,11.9,144,0
M-1024,47.85,2.636,2.156,61.4,6.47,142,0
M-1025,49.74,2.559,2.154,60.2,7.99,75,0
M-1026,48.27,2.234,2.501,59.9,3.77,35,0
M-1027,51.26,3.189,2.02,63.9,11.38,62,0
M-1028,55.18,2.183,2.328,77.3,4.52,27,0
M-1029,61.22,2.605,1.879,86.8,8.91,202,1
M-1030,48.5,1.935,2.188,62.0,4.96,116,0
M-1031,55.68,2.471,2.075,76.7,6.83,110,0
M-1032,47.08,1.531,2.494,49.4,8.69,74,0
M-1033,53.67,2.421,2.141,75.8,6.21,63,0
M-1034,48.73,2.184,2.403,48.3,10.9,162,0
M-1035,56.84,2.725,2.253,81.6,5.15,35,1
M-1036,58.76,3.136,2.027,100.0,7.84,76,0
M-1037,52.69,1.876,2.377,59.8,4.24,146,0
M-1038,41.58,1.597,2.687,22.5,5.02,64,0
M-1039,47.21,2.195,2.502,52.1,5.39,115,0
M-1040,51.02,2.076,2.273,84.2,1.68,64,0
M-1041,52.07,1.903,2.121,72.0,1.28,8,0
M-1042,55.59,1.829,2.108,66.5,8.08,87,1
M-1043,56.92,2.383,1.975,80.2,7.94,95,1
M-1044,59.99,2.317,2.168,70.7,8.02,84,0
M-1045,57.37,2.214,2.11,83.9,0.43,24,0
M-1046,53.31,2.103,2.319,78.5,4.05,69,0
M-1047,54.98,2.305,1.857,89.4,2.53,20,0
M-1048,55.5,2.243,1.941,68.5,9.38,81,0
M-1049,54.71,2.884,1.998,78.3,10.36,140,0
M-1050,51.86,2.019,2.466,56.5,3.11,173,0
M-1051,50.83,2.29,2.201,51.2,8.08,176,0
M-1052,56.84,2.452,1.997,92.7,1.73,33,1
M-1053,52.83,1.663,2.309,65.9,3.45,30,0
M-1054,57.13,1.991,2.223,76.5,1.84,75,0
M-1055,51.17,1.958,2.415,64.2,3.55,74,0
M-1056,49.7,2.075,2.323,51.4,8.16,121,0
M-1057,57.53,2.611,2.467,62.2,10.94,80,0
M-1058,58.01,2.825,2.209,87.8,2.59,72,0
M-1059,52.97,2.668,2.092,72.0,6.6,86,0
M-1060,45.69,1.571,2.679,31.2,8.48,79,0
M-1061,53.45,2.745,2.286,58.1,11.44,59,0
M-1062,59.97,3.078,2.13,94.1,7.4,127,0
M-1063,45.71,1.712,2.376,58.2,3.21,81,0
M-1064,40.91,1.989,2.828,29.6,7.58,132,0
M-1065,55.62,2.633,2.004,96.1,3.98,134,0
M-1066,54.11,2.471,2.304,74.3,11.72,102,0
M-1067,48.9,2.239,2.605,60.7,4.92,117,0
M-1068,52.55,2.328,2.411,55.3,8.29,196,0
M-1069,52.7,2.088,2.218,81.5,0.47,199,0
M-1070,49.22,1.949,2.581,52.2,4.92,93,0
M-1071,54.74,2.726,1.966,82.7,10.53,120,0
M-1072,52.92,2.668,2.473,71.8,7.4,103,0
M-1073,53.58,2.241,2.33,66.4,5.44,108,0
M-1074,55.82,2.703,2.129,64.6,11.24,160,0
M-1075,50.69,2.58,2.213,58.9,10.28,113,0
M-1076,55.0,2.082,1.986,80.8,4.0,206,0
M-1077,53.91,1.732,2.616,46.4,6.63,199,0
M-1078,44.86,1.07,2.576,32.8,5.98,87,0
M-1079,52.72,2.698,2.357,73.1,7.66,93,0
M-1080,52.55,1.942,2.059,73.4,4.14,59,0
M-1081,52.17,2.19,2.346,70.6,3.08,102,0
M-1082,54.8,2.825,2.328,69.3,10.97,92,0
M-1083,52.28,2.663,1.953,56.2,11.1,85,0
M-1084,52.57,2.445,2.405,76.2,10.15,129,0
M-1085,51.24,2.614,2.154,61.2,11.74,72,1
M-1086,50.37,2.75,2.409,53.2,8.99,152,0
M-1087,51.13,2.837,2.434,56.4,9.22,128,0
M-1088,59.31,3.387,1.956,98.4,9.2,204,1
M-1089,43.95,1.739,2.778,30.8,5.87,98,0
M-1090,53.29,2.065,2.418,71.0,5.59,123,0
M-1091,45.67,1.651,2.876,31.8,3.03,121,0
M-1092,51.47,2.272,2.616,60.1,7.81,168,0
M-1093,49.59,2.054,2.593,54.2,3.61,83,0
M-1094,40.43,1.156,3.19,24.5,3.24,55,0
M-1095,54.87,2.377,2.388,69.0,7.11,104,0
M-1096,50.38,2.067,2.173,55.2,5.04,136,0
M-1097,43.83,1.364,3.308,24.2,2.78,137,0
M-1098,58.24,2.913,1.987,77.1,9.83,53,0
M-1099,60.51,2.845,2.176,87.8,10.35,260,1
M-1100,55.27,2.036,2.134,88.8,2.18,50,0
M-1101,50.83,2.359,2.591,68.5,0.29,103,0
M-1102,53.46,2.79,2.282,62.8,4.17,163,0
M-1103,56.53,3.042,2.079,85.9,9.61,97,0
M-1104,58.21,2.698,1.85,92.3,10.1,170,0
M-1105,54.43,2.054,2.468,82.4,1.83,21,0
M-1106,50.19,2.304,2.546,45.1,9.34,170,1
M-1107,48.0,2.324,2.573,65.6,1.57,129,0
M-1108,52.35,1.929,1.945,69.9,4.8,102,0
M-1109,46.62,2.044,2.584,29.4,11.98,164,0
M-1110,45.85,2.158,2.408,70.4,2.47,186,0
M-1111,57.34,2.843,2.035,100.0,2.02,158,0
M-1112,53.1,2.266,2.392,73.5,5.19,82,0
M-1113,57.44,2.369,1.941,88.5,7.51,105,0
M-1114,58.09,2.84,2.194,65.3,11.21,99,0
M-1115,50.49,2.94,2.416,60.7,11.77,96,0
M-1116,48.47,1.943,2.034,68.9,1.02,113,0
M-1117,39.44,1.752,2.731,47.3,1.83,61,0
M-1118,47.86,2.036,2.422,44.7,9.53,147,0
M-1119,54.15,2.194,2.002,84.8,3.39,72,0
M-1120,57.54,3.296,1.997,86.7,10.64,108,0
M-1121,51.21,2.156,2.716,44.2,8.03,65,0
M-1122,55.39,2.331,2.425,79.4,1.52,113,0
M-1123,53.01,2.91,2.253,60.4,10.02,53,0
M-1124,50.05,1.752,2.516,68.1,2.28,145,0
M-1125,55.47,2.15,2.416,70.3,5.2,258,0
M-1126,55.55,2.636,2.109,79.9,6.72,94,0
M-1127,49.59,2.093,2.225,63.5,6.11,89,0
M-1128,53.5,3.064,1.892,87.4,8.3,50,1
M-1129,52.27,2.406,2.376,67.6,7.9,75,0
M-1130,58.43,2.583,2.067,73.2,11.91,165,0
M-1131,56.66,2.414,2.219,47.0,11.99,176,0
M-1132,59.99,2.97,1.623,100.0,6.29,98,0
M-1133,49.11,2.279,2.505,70.5,1.32,118,0
M-1134,52.34,2.766,2.045,74.8,8.79,68,0
M-1135,48.98,2.253,2.613,33.1,11.72,132,0
M-1136,42.57,1.886,2.783,47.2,3.96,175,0
M-1137,57.51,2.538,1.888,84.3,5.64,119,1
M-1138,54.25,2.049,2.307,67.2,5.21,195,0
M-1139,42.56,1.287,2.872,27.6,0.81,181,0
M-1140,55.84,2.619,2.139,80.7,8.13,121,1
M-1141,49.92,2.391,2.712,52.2,4.37,19,0
M-1142,58.94,3.311,1.751,87.4,9.49,164,0
M-1143,50.78,2.666,2.366,60.4,10.02,63,1
M-1144,58.71,2.68,2.38,65.7,9.89,44,0
M-1145,54.7,2.507,2.094,83.2,5.12,31,0
M-1146,48.9,1.422,2.578,45.8,3.99,148,0
M-1147,42.49,2.061,2.562,44.1,9.04,125,0
M-1148,55.53,2.455,2.362,58.5,9.66,113,0
M-1149,58.43,2.548,2.271,76.9,6.0,119,0
M-1150,48.28,2.272,2.615,38.0,10.74,54,0
M-1151,44.34,1.626,2.662,32.0,1.9,62,0
M-1152,58.11,2.632,2.222,76.8,10.57,80,0
M-1153,45.18,1.479,2.79,51.1,1.33,76,0
M-1154,49.41,2.196,2.57,54.9,2.01,80,0
M-1155,42.11,1.868,2.506,28.6,6.5,118,0
M-1156,44.82,1.511,2.609,49.8,1.0,106,0
M-1157,51.91,1.795,2.518,61.9,0.82,15,0
M-1158,54.95,2.054,2.117,78.7,0.21,55,0
M-1159,46.16,1.926,2.481,48.1,5.35,85,0
M-1160,57.5,3.136,1.689,91.8,9.34,59,0
M-1161,44.53,2.3,2.736,49.7,0.61,22,1
M-1162,51.39,2.19,2.483,49.7,7.9,42,0
M-1163,56.59,3.193,1.663,89.7,9.91,57,0
M-1164,51.39,1.526,2.462,65.8,2.18,121,0
M-1165,49.27,1.596,2.568,52.1,1.93,22,0
M-1166,52.46,2.837,2.363,59.2,10.36,58,0
M-1167,61.09,3.061,1.903,86.4,9.91,108,1
M-1168,56.61,1.504,1.897,88.4,6.56,111,0
M-1169,49.29,2.43,2.312,47.3,9.87,102,0
M-1170,46.51,2.386,2.397,61.2,1.29,31,0
M-1171,53.83,1.6,2.368,63.6,4.85,40,0
M-1172,46.75,2.54,2.52,44.2,8.91,103,0
M-1173,50.79,1.215,2.407,61.0,3.24,70,0
M-1174,52.56,2.711,2.21,62.1,9.08,83,0
M-1175,53.19,2.594,2.05,82.5,6.15,134,0
M-1176,55.91,2.178,2.42,83.7,9.05,91,0
M-1177,53.49,2.21,2.312,56.1,5.68,41,0
M-1178,50.36,2.36,2.349,58.1,4.54,65,0
M-1179,49.9,2.292,2.82,74.0,2.79,103,0
M-1180,48.31,1.94,2.633,51.5,2.66,63,0
M-1181,54.67,2.522,1.931,72.6,9.07,127,0
M-1182,57.99,1.337,2.62,60.4,1.6,109,0
M-1183,46.09,1.737,2.539,44.6,1.21,60,0
M-1184,44.89,2.117,2.801,44.8,2.28,71,0
M-1185,59.08,2.721,2.103,88.0,2.27,59,0
M-1186,47.69,1.902,2.222,59.2,9.91,131,0
M-1187,57.59,2.241,2.287,91.5,4.9,68,0
M-1188,57.14,2.254,2.41,52.8,11.89,133,0
M-1189,50.31,1.551,2.553,67.2,1.82,80,0
M-1190,56.05,3.056,1.922,100.0,7.91,42,0
M-1191,45.9,1.946,2.526,43.0,5.5,111,0
M-1192,47.08,1.113,2.893,27.8,4.84,88,0
M-1193,59.45,3.19,2.158,85.2,10.53,182,1
M-1194,48.46,2.545,2.413,47.1,11.71,70,0
M-1195,51.5,2.393,2.536,61.6,10.5,116,0
M-1196,45.98,1.713,2.707,51.5,2.47,53,0
M-1197,51.9,1.517,2.412,66.8,2.81,23,0
M-1198,51.93,1.961,2.553,44.9,7.94,40,0
M-1199,52.29,1.981,2.477,58.8,3.61,172,0
M-1200,55.6,2.624,1.987,70.1,8.87,110,0
M-1201,44.28,2.062,2.537,43.9,6.88,81,0
M-1202,45.43,2.11,2.525,49.4,6.7,42,0
M-1203,53.14,2.328,2.265,55.7,9.98,192,0
M-1204,43.35,2.027,2.654,36.3,8.58,69,0
M-1205,46.61,1.948,2.588,54.4,0.51,79,0
M-1206,50.25,1.837,2.585,64.1,0.78,70,0
M-1207,47.38,2.273,2.516,54.8,7.3,228,0
M-1208,47.57,2.071,2.443,57.1,5.94,85,0
M-1209,49.79,1.824,2.21,61.6,3.27,54,0
M-1210,49.67,2.085,2.806,50.2,5.14,95,0
M-1211,58.25,2.52,2.105,74.4,9.14,117,0
M-1212,60.38,3.086,1.934,87.8,9.95,260,1
M-1213,50.06,2.135,2.381,53.6,6.82,88,0
M-1214,50.76,2.194,2.204,70.7,4.75,41,0
M-1215,46.43,1.851,2.72,57.7,3.39,61,0
M-1216,51.62,2.219,2.49,68.6,6.36,100,0
M-1217,57.67,2.106,2.141,90.2,3.91,100,0
M-1218,54.61,2.552,2.208,71.2,6.86,42,0
M-1219,39.84,1.87,2.784,30.1,8.18,76,0
M-1220,48.84,2.224,2.395,70.2,0.98,195,0
M-1221,56.75,2.033,2.204,84.2,0.21,30,0
M-1222,49.19,2.428,2.54,58.0,2.7,121,0
M-1223,53.74,2.789,1.951,79.9,10.76,91,0
M-1224,55.55,1.884,2.5,49.6,7.83,94,0
M-1225,43.69,1.174,2.804,35.3,2.23,25,0
M-1226,55.02,2.129,2.304,64.5,10.71,95,0
M-1227,45.31,2.057,2.643,30.4,5.75,97,0
M-1228,49.35,2.509,2.526,57.7,5.82,84,0
M-1229,56.9,3.194,1.802,85.2,11.24,99,0
M-1230,47.0,0.964,2.804,27.6,0.9,96,0
M-1231,47.41,2.064,2.629,39.0,2.74,31,0
M-1232,49.89,1.867,2.38,43.4,7.11,105,0
M-1233,51.02,1.858,2.62,60.9,2.51,18,0
M-1234,48.28,2.666,2.224,55.4,8.22,164,0
M-1235,58.73,2.608,2.024,87.2,2.73,67,0
M-1236,50.84,2.794,2.466,79.2,1.37,111,0
M-1237,52.53,2.194,2.242,70.9,2.64,13,0
M-1238,47.29,2.091,2.315,64.6,5.19,117,0
M-1239,45.92,1.893,2.202,69.1,2.28,43,0
M-1240,46.86,1.104,2.781,46.5,1.79,70,0
M-1241,54.59,2.742,2.198,77.4,10.35,138,1
M-1242,40.86,2.025,2.765,42.0,3.98,75,0
M-1243,55.36,2.539,2.3,77.0,4.46,107,0
M-1244,59.23,2.22,2.24,83.4,0.85,52,0
M-1245,55.08,1.887,2.266,65.8,4.42,156,0
M-1246,48.77,2.022,2.331,58.8,3.32,69,0
M-1247,53.58,2.735,2.441,69.2,7.4,86,0
M-1248,41.79,1.237,3.127,15.0,2.62,68,0
M-1249,57.56,2.712,2.063,67.4,10.68,105,0
M-1250,52.32,2.344,2.258,60.0,11.17,66,0
M-1251,49.15,2.096,2.434,61.1,1.38,34,0
M-1252,52.88,1.228,2.136,74.7,1.47,122,0
M-1253,50.49,1.966,2.512,60.7,1.56,112,0
M-1254,47.16,2.68,2.498,41.5,7.51,131,0
M-1255,48.51,1.421,2.343,59.5,1.64,91,0
M-1256,57.11,2.49,1.998,63.2,10.26,83,0
M-1257,56.34,2.484,2.003,64.1,9.1,75,0
M-1258,54.97,2.429,2.165,64.9,9.87,100,0
M-1259,60.11,2.874,2.108,80.7,6.41,154,0
M-1260,48.72,2.443,2.302,42.5,11.96,119,0
M-1261,53.88,1.92,2.554,65.2,0.72,30,0
M-1262,57.38,2.777,2.094,85.2,4.93,37,0
M-1263,52.09,1.51,2.872,30.8,4.02,124,0
M-1264,51.38,3.569,2.153,65.2,11.39,200,1
M-1265,47.68,2.144,2.331,51.5,7.01,42,0
M-1266,52.63,2.429,2.362,55.3,9.71,149,0
M-1267,47.08,1.16,2.444,45.7,2.21,92,0
M-1268,58.33,2.44,2.335,58.9,11.75,80,0
M-1269,56.93,3.14,1.806,95.1,6.08,96,1
M-1270,48.7,1.434,2.775,39.2,6.03,48,0
M-1271,52.28,1.657,2.413,40.9,11.66,99,0
M-1272,47.43,1.705,2.84,38.6,4.69,81,0
M-1273,55.18,3.076,1.831,93.1,4.89,157,0
M-1274,53.66,2.161,2.32,53.7,7.1,79,0
M-1275,52.5,1.792,2.53,61.5,1.71,43,0
M-1276,50.4,1.414,2.681,54.7,3.99,94,0
M-1277,46.55,1.773,2.915,45.0,2.48,101,0
M-1278,48.94,1.981,2.528,57.8,1.42,41,0
M-1279,61.48,2.733,2.084,100.0,10.42,68,0
M-1280,59.04,3.071,1.98,87.1,7.15,57,1
M-1281,47.34,2.036,2.755,46.6,4.43,155,0
M-1282,51.26,2.67,2.09,73.7,5.02,108,0
M-1283,45.0,2.057,2.621,47.0,5.29,69,0
M-1284,43.1,1.949,2.323,30.0,7.67,154,0
M-1285,58.27,3.077,1.828,80.4,11.14,79,0
M-1286,58.21,3.226,2.05,82.9,11.21,103,1
M-1287,55.51,1.957,1.95,80.8,4.82,43,0
M-1288,49.92,1.5,2.574,53.5,4.09,136,1
M-1289,48.83,1.92,2.549,59.0,5.52,55,0
M-1290,58.53,2.49,2.091,75.5,6.9,61,1
M-1291,52.04,2.425,2.125,69.0,5.65,102,0
M-1292,49.54,2.327,2.316,54.9,7.97,39,0
M-1293,46.52,2.06,2.533,32.9,6.74,46,0
M-1294,46.11,2.423,2.366,64.0,3.98,115,0
M-1295,52.78,2.192,2.182,81.4,4.28,45,0
M-1296,48.55,1.795,2.599,40.4,4.67,258,0
M-1297,47.24,1.834,2.603,73.5,1.32,75,0
M-1298,53.83,1.983,2.265,68.0,2.16,21,0
M-1299,59.47,2.754,2.348,75.5,8.73,194,0
M-1300,53.29,1.453,2.031,77.7,4.79,88,0
M-1301,47.88,2.421,2.599,49.5,2.73,65,0
M-1302,48.22,1.914,2.874,32.9,6.84,96,0
M-1303,49.42,2.11,2.574,52.4,9.12,49,0
M-1304,55.87,2.837,2.166,78.0,3.24,73,0
M-1305,49.23,2.24,2.463,52.2,9.96,70,0
M-1306,49.66,2.414,2.445,49.5,11.14,102,0
M-1307,42.61,1.583,2.632,29.2,7.25,72,0
M-1308,60.11,3.403,2.024,93.5,8.09,99,0
M-1309,55.29,2.066,2.605,76.9,0.82,52,1
M-1310,56.32,2.909,2.131,75.9,11.36,86,1
M-1311,51.34,2.779,2.267,79.4,4.83,47,0
M-1312,53.1,2.949,2.211,72.4,11.1,57,0
M-1313,51.86,2.199,2.149,57.6,7.03,38,0
M-1314,52.9,2.043,2.609,59.1,0.25,21,0
M-1315,48.27,2.387,2.419,54.3,0.65,97,0
M-1316,59.7,3.156,1.75,100.0,8.23,59,0
M-1317,55.91,2.492,2.561,72.0,6.84,63,0
M-1318,46.41,1.702,2.553,53.7,0.51,38,0
M-1319,53.54,2.957,2.063,70.4,8.97,79,0
M-1320,46.76,2.04,2.652,43.8,10.26,125,0
M-1321,60.99,2.63,1.878,89.1,6.06,72,0
M-1322,41.98,1.549,2.435,50.1,5.7,129,0
M-1323,52.82,1.617,2.591,71.0,0.26,21,0
M-1324,55.92,2.678,2.046,81.2,9.48,137,0
M-1325,50.94,2.183,2.07,68.9,4.1,164,0
M-1326,58.17,3.085,2.308,63.7,10.57,102,0
M-1327,48.9,2.265,2.325,62.2,4.6,43,0
M-1328,49.74,2.007,2.593,61.0,6.87,112,0
M-1329,47.54,1.63,2.449,51.6,3.39,74,0
M-1330,48.88,2.162,2.719,53.9,2.09,83,0
M-1331,57.56,3.262,2.237,88.6,9.34,146,1
M-1332,46.85,2.193,2.242,60.0,6.06,69,0
M-1333,46.22,1.877,2.482,47.9,6.53,66,0
M-1334,55.14,2.783,2.39,52.7,11.59,260,0
M-1335,58.4,2.712,1.842,81.8,11.57,132,1
M-1336,57.12,2.867,2.146,74.2,10.3,162,0
M-1337,51.27,2.765,2.289,72.1,2.41,114,0
M-1338,49.15,2.281,2.342,57.4,7.21,151,0
M-1339,60.03,2.527,2.126,72.3,10.56,119,0
M-1340,47.68,2.019,2.541,50.4,4.62,131,0
M-1341,47.09,1.655,2.553,57.3,1.39,41,0
M-1342,59.73,2.423,1.956,79.5,9.77,52,0
M-1343,52.87,2.687,2.081,77.7,5.88,52,0
M-1344,46.29,2.275,2.528,44.3,6.86,81,0
M-1345,50.58,2.286,2.389,46.6,11.79,96,0
M-1346,52.39,2.248,2.228,64.0,7.37,90,0
M-1347,58.5,2.447,2.055,93.1,5.21,55,0
M-1348,48.55,1.446,2.515,27.5,4.57,26,0
M-1349,52.92,2.083,2.201,67.0,5.13,65,0
M-1350,37.73,1.157,2.719,37.2,1.6,24,0
M-1351,51.29,2.809,2.267,50.6,9.58,97,0
M-1352,51.83,2.535,2.593,55.4,10.09,119,0
M-1353,48.69,2.057,2.511,54.4,3.56,58,0
M-1354,48.87,2.124,2.555,52.4,3.78,38,0
M-1355,53.33,2.773,2.164,62.1,10.52,105,1
M-1356,46.6,1.513,2.607,52.4,0.48,260,0
M-1357,47.3,1.844,2.469,35.7,6.34,111,0
M-1358,52.87,2.369,2.169,76.0,5.67,112,0
M-1359,52.91,2.758,1.985,75.6,8.34,73,0
M-1360,60.8,2.294,2.226,77.2,2.13,39,0
M-1361,44.32,1.766,2.227,34.3,8.09,154,0
M-1362,52.17,1.839,2.145,67.4,4.65,23,0
M-1363,50.8,2.589,2.407,74.2,7.5,63,0
M-1364,45.16,1.425,2.845,43.4,0.67,172,0
M-1365,48.79,1.663,2.574,62.2,5.65,78,0
M-1366,49.89,2.348,2.594,59.9,6.36,40,0
M-1367,59.88,2.838,2.148,95.2,2.73,92,0
M-1368,58.32,3.236,1.972,96.6,1.85,51,0
M-1369,44.62,1.299,2.639,32.0,2.42,21,0
M-1370,54.31,2.619,2.127,100.0,4.26,88,0
M-1371,50.4,1.26,2.68,45.5,1.34,69,1
M-1372,54.54,2.996,2.409,79.7,11.38,106,0
M-1373,58.7,2.511,2.113,79.5,4.98,104,0
M-1374,51.74,1.947,2.793,44.1,9.75,61,0
M-1375,57.36,2.754,2.082,70.9,11.7,122,0
M-1376,46.51,1.264,2.714,60.1,1.15,71,0
M-1377,54.78,2.797,2.46,72.0,7.89,152,0
M-1378,53.05,2.411,2.03,66.2,10.48,75,0
M-1379,56.91,2.72,1.978,83.5,7.68,165,0
M-1380,50.66,1.786,2.193,63.4,5.26,124,0
M-1381,45.05,1.945,2.213,59.0,5.29,75,0
M-1382,56.18,2.09,2.36,81.7,0.62,63,0
M-1383,53.66,2.439,2.186,72.4,6.51,31,0
M-1384,55.64,3.032,2.058,75.2,11.92,107,0
M-1385,49.73,2.817,2.451,50.0,11.51,144,0
M-1386,45.74,1.683,2.418,43.2,0.68,51,0
M-1387,47.91,2.491,2.621,51.8,8.53,154,0
M-1388,42.01,2.252,2.49,50.8,3.76,97,0
M-1389,57.7,2.994,2.15,76.2,10.86,245,1
M-1390,54.18,2.127,2.376,79.6,0.73,38,0
M-1391,52.57,2.842,2.478,59.2,11.24,137,0
M-1392,55.86,3.286,1.928,87.8,10.08,58,0
M-1393,55.0,2.51,1.831,86.6,1.59,58,0
M-1394,46.2,1.506,2.44,66.4,0.91,89,0
M-1395,47.24,2.018,2.464,47.2,10.05,136,0
M-1396,53.84,2.352,1.949,90.4,2.04,54,0
M-1397,53.52,2.453,2.38,60.9,6.51,155,0
M-1398,53.15,2.626,2.146,64.3,11.01,191,1
M-1399,49.23,2.491,2.192,55.9,6.9,63,0
M-1400,52.4,2.213,2.683,46.0,4.89,72,0
M-1401,46.19,2.035,2.597,35.6,5.45,71,0
M-1402,52.45,2.379,2.281,73.4,0.94,44,0
M-1403,49.81,2.094,2.31,47.9,11.63,187,0
M-1404,57.19,2.875,2.151,100.0,3.87,155,0
M-1405,39.75,1.427,2.673,42.5,2.43,60,0
M-1406,47.79,1.165,2.701,39.4,3.58,106,0
M-1407,57.04,2.719,2.036,71.2,11.58,165,1
M-1408,54.82,2.731,2.217,89.5,1.31,76,0
M-1409,53.23,2.698,2.447,63.2,10.43,89,0
M-1410,56.67,3.158,2.272,72.3,8.55,67,0
M-1411,41.79,1.968,2.764,28.8,9.99,138,0
M-1412,49.7,3.111,2.456,49.8,11.72,66,1
M-1413,46.0,2.228,2.264,42.7,10.14,89,0
M-1414,50.84,2.008,2.492,27.9,11.33,87,0
M-1415,52.14,1.573,2.405,64.1,1.7,25,0
M-1416,38.35,2.07,2.635,21.6,9.59,94,0
M-1417,42.46,1.695,2.455,38.2,6.64,79,0
M-1418,49.14,1.907,2.157,52.3,6.61,54,0
M-1419,48.98,2.666,2.2,47.0,10.81,181,0
M-1420,52.02,3.094,2.088,69.1,11.67,145,0
M-1421,58.74,2.821,2.216,67.5,8.52,95,0
M-1422,55.65,2.397,2.039,78.1,5.9,132,0
M-1423,55.37,2.414,2.216,75.5,5.59,148,0
M-1424,53.5,2.476,2.071,82.5,4.76,161,0
M-1425,52.52,2.319,2.569,62.0,4.47,53,0
M-1426,51.02,2.661,2.294,67.5,4.82,127,0
M-1427,50.5,2.129,2.475,71.2,1.26,57,0
M-1428,51.29,2.448,2.48,64.5,1.11,74,0
M-1429,47.06,2.594,2.132,54.9,9.4,74,0
M-1430,53.93,2.002,2.427,56.0,5.46,81,0
M-1431,50.91,2.572,2.205,47.3,11.18,154,1
M-1432,56.98,2.937,2.212,69.6,7.42,195,1
M-1433,45.75,2.341,2.392,60.3,0.62,58,0
M-1434,44.54,2.038,2.659,50.1,2.06,37,0
M-1435,44.18,1.756,2.369,50.1,2.63,191,0
M-1436,49.77,2.192,2.477,40.2,11.71,81,0
M-1437,53.94,2.453,2.317,79.6,2.78,24,0
M-1438,50.57,2.732,2.477,63.4,6.29,64,0
M-1439,47.65,2.451,2.289,46.5,11.25,51,0
M-1440,53.83,3.035,2.041,76.6,11.73,168,0
M-1441,47.64,1.823,2.582,51.9,2.99,44,0
M-1442,42.21,1.277,3.038,36.7,0.78,26,0
M-1443,51.81,2.202,1.998,80.4,2.01,73,0
M-1444,50.96,1.701,2.453,52.3,0.95,169,0
M-1445,47.93,2.302,2.98,54.6,2.5,93,0
M-1446,55.21,2.23,2.281,62.7,6.91,47,0
M-1447,56.71,2.973,1.682,82.6,10.97,260,1
M-1448,52.3,2.021,2.245,62.4,6.54,102,0
M-1449,47.16,2.147,2.132,40.4,7.59,144,0
M-1450,47.54,2.519,2.363,71.8,2.58,26,0
M-1451,54.77,2.787,2.499,53.3,9.65,236,0
M-1452,59.14,2.996,1.765,96.0,7.49,75,0
M-1453,55.25,2.706,2.171,62.0,10.4,56,1
M-1454,42.96,1.854,2.852,21.8,11.4,116,0
M-1455,51.56,2.353,2.041,68.4,4.31,131,0
M-1456,54.66,2.579,1.843,97.0,1.27,96,0
M-1457,59.38,2.508,2.057,90.4,2.87,102,0
M-1458,59.12,2.8,1.856,95.0,5.37,107,1
M-1459,50.67,2.414,2.395,43.6,11.36,112,0
M-1460,57.88,2.329,1.99,78.4,4.66,34,0
M-1461,52.97,2.161,2.464,49.0,9.3,89,0
M-1462,54.48,2.81,2.269,66.0,6.58,73,0
M-1463,40.96,2.289,2.81,39.1,2.36,151,0
M-1464,46.07,1.519,2.578,50.4,3.98,137,0
M-1465,46.91,1.787,2.487,49.8,7.91,73,0
M-1466,57.75,2.4,1.877,78.2,8.14,134,0
M-1467,54.65,2.396,2.279,76.4,5.33,79,0
M-1468,47.42,2.324,2.321,67.0,2.9,25,0
M-1469,46.72,2.148,2.553,37.7,8.72,40,0
M-1470,44.51,1.878,2.686,56.4,2.19,102,0
M-1471,50.61,2.516,2.271,48.6,11.25,70,0
M-1472,48.87,2.035,2.474,77.7,2.42,35,0
M-1473,55.34,2.189,2.446,83.2,1.47,40,0
M-1474,56.54,2.558,2.246,81.0,6.07,119,0
M-1475,53.46,1.553,2.354,48.4,6.33,148,0
M-1476,43.29,1.06,2.565,15.0,6.2,146,0
M-1477,42.95,1.281,2.926,30.2,5.35,33,0
M-1478,61.77,3.336,1.918,87.6,11.94,81,1
M-1479,46.09,2.15,2.325,54.8,5.94,53,0
M-1480,45.79,2.132,2.71,48.5,5.84,118,0
M-1481,58.34,2.171,1.884,91.6,5.18,54,0
M-1482,48.48,1.835,2.14,84.8,0.99,58,0
M-1483,51.88,2.499,2.405,62.4,7.2,130,0
M-1484,46.13,1.11,2.319,56.7,2.89,74,0
M-1485,51.86,2.645,2.324,59.6,7.72,107,0
M-1486,47.1,1.389,2.611,66.1,0.8,56,0
M-1487,61.38,3.404,1.9,90.8,11.78,161,0
M-1488,52.94,2.084,2.471,69.6,5.73,145,0
M-1489,60.01,3.104,2.261,75.1,10.78,129,0
M-1490,55.9,3.479,2.109,83.0,5.81,145,0
M-1491,42.42,0.819,2.362,40.9,0.91,260,0
M-1492,55.44,2.948,1.918,75.6,9.9,139,0
M-1493,47.51,1.753,2.496,56.7,7.85,90,0
M-1494,43.97,1.777,2.566,16.7,9.42,115,0
M-1495,44.11,1.413,2.782,23.7,5.25,151,0
M-1496,54.51,2.052,2.587,43.7,7.73,75,0
M-1497,53.76,2.456,2.369,71.6,10.3,83,0
M-1498,51.84,2.595,2.198,64.0,7.65,107,1
M-1499,49.81,1.743,2.256,65.3,4.3,75,0
M-1500,60.53,3.347,1.876,97.1,8.02,61,1
